gouvrnorat,projet,speculation,telephone,region,feuille
Ariana,ContrôlMed,"Arboriclture, PAM",52626400.0,Sidi Thabet,Feuil1
Ariana,GAIA FERMEtherapeutique Sidi THABET,"Arboriculture, Culture maraichère,Grande culture, PAM",29535789.0,Sidi Thabet,Feuil1
Béja,GDA Khlinj,Apiculture,98247555.0,Nefza,Feuil1
Béja,Huilerie Biologique Ben Ismaïl,"Olivier, Trituration, Conditionnement  et exportation d'huile d'olive,",96122831.0,Medjez el Beb,Feuil1
Béja,UCPA IAGH عياض,Olivier,9817808797217296.0,SIDI AMER OUED ZARGA,Feuil1
Béja,UCPA LOUBIRA,Olivier,96171507.0,SIDI AMER OUED ZARGA,Feuil1
Béja,STE de services Agricoles Ksar chikh,Grande culture,24521234.0,Medjez el Beb,Feuil1
Ben Arous,Societé BIOLIVA MED COMPANY,"Trituration, Conditionnement  et exportation d'huile d'olive,",25484864.0,Rades,Feuil1
Bizerte,société nour al ain,Olivier,97754402.0,Utique,Feuil1
Bizerte,Ferme Henna Bio,Arboriculture,97112870.0,El Alia Bizerte,Feuil1
Bizerte,Henchir Oum El Jannah,"Olivier, Trituration, Conditionnement  et exportation d'huile d'olive,",27791620.0,Mateur,Feuil1
Bizerte,Tergoulech Bio,"Culture maraichères, PAM, Grande culture",98605848.0,Mateur,Feuil1
Bizerte,Société ferme Shiri,"élevage, Culture maraichéres, Fourrage, Arboriculture",92155018.0,Sejenen,Feuil1
Bizerte,AMIA,"Olivier, PAM, Grande culture, Jachère",24115673.0,Mateur,Feuil1
Bizerte,Société de developpement Al Habib,"Olivier, Fourrage, Jachère",98220991.0,Mateur,Feuil1
Bizerte,RAOUF GUIGA,"Arboriculture, Grande culture,Huile d'olive, brute",,Ras El jbal,Feuil1
Gabès,ASSOCIATION DE SAUVGARDE DE L'OASIS DE CHENINI,"Arboriculture, Fourrage, PAM",,Chenini,Feuil1
Gabès,SOCOBSA EL AMEL,Arboriculture,95957848.0,Merth,Feuil1
Gabès,GDA Merth 2,Arboriculture,96655801.0,Merth,Feuil1
Gabès,Bio-Palma,Dattes,,Merth,Feuil1
Gabès,EDEN LIFE,Spiruline,21114293.0,Merth,Feuil1
Gabès,Centre de formation professionnel ZAKRINE,,58726363.0,Merth,Feuil1
Gabès,Naturel solution,,55028698.0,Menzel Habib,Feuil1
Gabès,Spiru Invest,Spiruline,25065687.0,Chanchou,Feuil1
Gabès,STE TACAPE  HARVEST,"Arboriculture, Fourrage, Jachère, Huile d'olive vierge",21532312.0,Teboulbou,Feuil1
Jendouba,Douceur de Aïn Draham,,,Aïn Draham,Feuil1
Jendouba,graines de bonheur,Culture maraichère,27534533.0,Tabarka,Feuil1
Jendouba,Abdelmajid ABDELLAOUI,"Olivier, PAM",96691808.0,Ouad Mliz,Feuil1
Jendouba,SMSA Fontaines bénies,"Olivier , PAM, Cultures maraichèrs",,Aïn Draham,Feuil1
Kasserine,Mohamed raouafi,"PAM, Arboriculture, Cactus",98366154.0,Foussana,Feuil1
Kasserine,Ste Tunisienne Bio frech,"Cactus, PAM, Forêt. Valorisation des produits de Cactus, PAM, produits forestiers",,Foussana,Feuil1
Kasserine,SMSA Majelbel Abbess,"Arboriculture, Cactus , Pastorale, conservation et valorisarion et exportation des produits de cactus, huile d'olive",,Majel bel abbess,Feuil1
Kasserine,BIO Thala,Cactus. Valorisation des produits de Cactus,97311862.0,Thala,Feuil1
Kasserine,Société Tunisia Bio,Figue de barbarie,,Sbitla,Feuil1
Kasserine,Bio kasserine,"valorisation et coditionnement des produits forestiers, Cactus et huile d'olive",54030808.0,laayoun,Feuil1
Kasserine,SMSA El Ikhlass,Pistache et PAM,,majel bel abbess,Feuil1
Manouba,Huilerie Nefiss,"Huile d'olive vierge , Huile d'olive vierge lot C4",,,Feuil1
Manouba,GIL manouba,Cultures maraichéres,,Manouba,Feuil1
Manouba,La Riene de l'aube,Conditionnement et Valorisation des dattes,98347944.0,Bathan,Feuil1
Manouba,Henchir Tongar,,71854302.0,Tongar,Feuil1
Manouba,Oliveraie Boubaker,"Arboriculture, PAM, huile d'olive vierge",52032000.0,Bathan,Feuil1
Manouba,smac lelLa Kmar El baya,"Cactus, Arboriculture, Grande cultures, PAM. Valorisation des produits Agricolrs",98383000.0,Bathan,Feuil1
Médenine,STE SHAMBHALA,Vente de miel BIO,58719962.0,Djerba,Feuil1
Médenine,Ste AGRO DEV DJERBA,"Jachère, PAM.
Valorisation des PAM",99364186.0,Djerba,Feuil1
Médenine,SOCIETE EMERAUDE,"Olivier, Trituration d'huile d'olive",2251562.0,Zarzis,Feuil1
Médenine,Jektis AGRO,Conditionnement et Valorisation des dattes,98430122.0,Zarzis,Feuil1
Médenine,Ste Chemlali de production agricole,"Olivier, Trituration d'huile d'olive",,Zarzis,Feuil1
MONASTIR,Herbalya natural care,Cactus. Valorisation des produits de Cactus,97498405.0,Banen,Feuil1
MONASTIR,Société commerce ho ben amor el wifek,Trituration d'huile d'olive,94276981.0,Jammel,Feuil1
MONASTIR,Ste Huielerie El wifek ben amor,Olivier,94261031.0,Cherihal,Feuil1
MONASTIR,SOCIETE HUILERIE EL MANSOUR,"Olivier, Trituration d'huile d'olive",53707506.0,Beni hassan,Feuil1
MONASTIR,Société MEDITERROIR,"Arboriculture. Trutiration, conditionnement et exportation d'huile d'olive",54292777.0,Jammel,Feuil1
MONASTIR,Olivia punica,Olivier,54292777.0,Jammel,Feuil1
MONASTIR,Huilerie biologique el baraka,Olivier,97647885.0,Moknin,Feuil1
MONASTIR,Herbéos céline pharma,"Cactus, Arboriculture, PAM. Conservation et valorisation des produits de Cactus, d'arboriculture et des PAM",70287848.0,Khnis,Feuil1
MONASTIR,SOCIETE EZZITOUNA OIL DU SAHEL TUNISIEN,"Olivier, Trituration d'huile d'olive",,Jammel,Feuil1
MONASTIR,Exploitation agricole biologique habib hlel,Olivier,97640054.0,Jammel,Feuil1
MONASTIR,henchir ben romdhan,"Olivier, Trituration d'huile d'olive",24802802.0,Jammel,Feuil1
MONASTIR,Ste abeille hibar,Apiculture,22649269.0,Jammel,Feuil1
MONASTIR,medgold,"Olivier, Trituration, Conditionnement  et exportation d'huile d'olive,",56172000.0,Jammel,Feuil1
MONASTIR,GREATLINES,"Trituration, Conditionnement  et exportation d'huile d'olive,",56172000.0,Jammel,Feuil1
MONASTIR,Exploitation agricole biologique zouhair chaouech,Arboriculture,99406801.0,Moknin,Feuil1
MONASTIR,Huilerie Hamed Ben Messoud,"Olivier, Trituration d'huile d'olive",29509021.0,Zarmdine,Feuil1
MONASTIR,Huilerie biologique ouled brahim,"Olivier, Trituration d'huile d'olive",97892558.0,Ouardanin,Feuil1
Sfax,Huilerie Anouar Mechi,Olivier,,Skhira,Feuil1
Sfax,Huilerie Hassan el Louz,Olivier,51277000.0,El Hencha,Feuil1
Sfax,STE Agricole Innovation,Exportation d'huile d'olive,23552210.0,Sfax,Feuil1
Sfax,Ste huilerie EZZITOUNA,Olivier,98438713.0,Sfax,Feuil1
Sfax,MM2A TUNISIAN EXPORT,Exportation d'huile d'olive,98998521.0,Sfax,Feuil1
Sfax,Henchir Ktari,,24323299.0,Agareb,Feuil1
Sfax,AC ESSALAMA,"Arboriculture, Pastorale valorisation des produits de l'Arboiculture",97764110.0,Menzel chaker,Feuil1
Sfax,Agroliva,Trituration d'huile d'olive,20216000.0,Menzel chaker,Feuil1
Sfax,HUILERIE DU SAHEL,Trituration d'huile d'olive,98263019.0,Sfax,Feuil1
Sfax,Royal Oil Company,Exportation d'huile d'olive,29720888.0,Sfax,Feuil1
Sfax,Huilerie Ben Ayed,Trituration d'huile d'olive,98412233.0,Sfax,Feuil1
Sfax,Terrolivia Company,"Trituration, Conditionnement  et exportation d'huile d'olive,",29470499.0,Sfax,Feuil1
Sfax,Mediterrean Olive Oil Company,"Trituration, Conditionnement  et exportation d'huile d'olive,",20615000.0,Sfax,Feuil1
Sfax,AC chaal,"olivier, pastorale
trituration et conditionnement d'huile d'olive",29029512.0,Ghraïba,Feuil1
Sfax,Ezzitouna Agricol,Olivier,98116155.0,Sfax,Feuil1
Sfax,Wahid Bibi,Olivier,58787838.0,Mahres,Feuil1
Sfax,Compagnia olio oliva,"Trituration, Conditionnement  et exportation d'huile d'olive,",20615000.0,Sfax,Feuil1
Sfax,AC BIR ALI,Olivier,31181823.0,Bir Ali Ben Khalifa,Feuil1
Sfax,SOKAF,"Olivier, Trituration, Conditionnement  et exportation d'huile d'olive,",98322877.0,El Hencha,Feuil1
Sfax,laachach agricol,"Arboriculture, Jachère",98412233.0,Sfax,Feuil1
Sfax,Ste zayatine sfax,"Arboriculture, Jachère, PAM, huile d'olive",,Sfax,Feuil1
Sfax,Rigoula,"Culture maraichère, PAM, valorisation des produits agricoles",29550026.0,Menzel chaker,Feuil1
Sfax,Fathi Naeifer,Huile d'olive,29945245.0,Sfax,Feuil1
Sfax,TEXOLIVIA,"Trituration, Conditionnement  et exportation d'huile d'olive,",29470499.0,Sfax,Feuil1
Sfax,LES COUSCOUSSERIES DU SUD,valorisation des céréales,74287777.0,Sfax,Feuil1
Sfax,Ste Alamana de production des huiles d'olive,"Trituration d'huile d'olive,",24717777.0,Sfax,Feuil1
Sfax,Société Huileries Charfi Export,"Olivier, Trituration, Conditionnement  et exportation d'huile d'olive,",51277000.0,El Hencha,Feuil1
Sfax,Ferme ben Said,"Arboriculture, Forêt,  Jachère, PAM. Valorisation des produits agricoles",98412457.0,Agareb,Feuil1
Sfax,STE Tunisienne de production agroalimentaire,Valorisation des céréales,74287555.0,Sfax,Feuil1
Sfax,Ste faouez de production et conditionnement d'huile d'olive,Production et conditionnement  de l'huile d olive,29601017.0,Sfax,Feuil1
Sfax,Huileurie fraj issa bio,"Olivier, Trituration d'huile d'olive",,Sfax,Feuil1
Sfax,Botiria oil company,"Trituration, Conditionnement  et exportation d'huile d'olive,",24505000.0,Sfax,Feuil1
Sfax,Naceur Kotti,"Olivier, Trituration d'huile d'olive",50577300.0,Sfax,Feuil1
Sfax,AC BOUZOUITA,Olivier,97372724.0,Sfax,Feuil1
Sfax,MOHAMED BEN SAIDA,"Arboriculture, PAM, valorisation des produits Agricole",22558287.0,Mahres,Feuil1
Sfax,Societe Agricole Gargouri,"Olivier, Trituration d'huile d'olive",74846500.0,Sfax,Feuil1
Sidi bouzid,Ste omega tunisie,Figue de barbarie,95763042.0,El Hichria,Feuil1
Sidi bouzid,Ste franco tunisienne gatrana,Spiruline,99331376.0,Gatrana,Feuil1
Sidi bouzid,SMSA elittihad,Olivier,53083089.0,Sidi Bouzid,Feuil1
Sidi bouzid,Ste chebla olives,"Olivier, Trituration d'huile d'olive",98373634.0,Sidi Ali Belaoun,Feuil1
Sidi bouzid,Huilerie el Baraka,"Olivier, Trituration d'huile d'olive",97640652.0,Regueb,Feuil1
Sidi bouzid,Huilerie el Afek,"Olivier, Trituration d'huile d'olive",97010408.0,Bir Lahfay,Feuil1
Sidi bouzid,Unité de production el omrane,"Arboriculture, Pastorale, Jachère",98178161.0,Manzel Bou ZaÏen,Feuil1
Sidi bouzid,Société Weld Sidi Leffi des investissements agricoles,"Trituration d'huile d'olive,",28777083.0,Ouled Hafouz,Feuil1
Sidi bouzid,unite de productionMabrouka,,,El Meknasy,Feuil1
Sidi bouzid,Ste tarek de l'huile d'olive,"Olivier, Trituration d'huile d'olive",28777083.0,Ouled Hafouz,Feuil1
Sousse,CRRHAB,"Cactus, Arboriculture, Culture Maraichères, Jachère",70137700.0,chott mariem,Feuil1
Sousse,BEN ANAYAN Huile,"Trituration, Conditionnement  et exportation d'huile d'olive,",,Sidi Bouali,Feuil1
Sousse,Olea KOTTI,"Olivier, Trituration, Conditionnement  et exportation d'huile d'olive,",52626185.0,Sidi El Hani,Feuil1
Sousse,Adel TEBINI,"Huile d'olive vierge , Huile d'olive vierge lot C4",98452540.0,sousse,Feuil1
Sousse,Huilerie Aziz,Huile dd'olive,56105842.0,Kalaa Sghira,Feuil1
Sousse,Ste Belhaj Younes,Huile d'olive,98343912.0,Kondar,Feuil1
Sousse,Green Aloe,"Cactus, PAM, Arboriculture, Forêt. Valorisation des produits de Cactus, PAM, produits forestiers",,Sidi Bouali,Feuil1
Sousse,CTAB,"Arboriculture, PAM,  Cultures Maraichères, élevage, Trituration d'olive",73327278.0,chott mariem,Feuil1
Sousse,Fathi ROUIS,"Grande culture, PAM, Cactus, Olivier",95729820.0,M'saken,Feuil1
Sousse,Ste Agricole ZARDOUB,"Arboriculture, PAM, Jachère, Trituration d'olive",98291661.0,Sidi El Hani,Feuil1
Sousse,Morad JEMAA,"Oliver, trituration d'huile d'olive",98100666.0,Bouficha,Feuil1
Sousse,Nature orient,"Arboriculture, Catus, valorisation des Produits Agicoles",73200650.0,Sousse,Feuil1
Sousse,Tarek ROUIS,"Grande culture, PAM, Cactus, Olivier",98275781.0,M'saken,Feuil1
Tunis,Domaine Bouzuita 2,"Arboriculture, Grande culture, Culture maraichères, trituration d'olive",22330998.0,Tunis,Feuil1
Tunis,societé agricole KSAR ETTIR,jachère,71940488.0,Tunis,Feuil1
Tunis,Société de developpement el Ghanima el andalouss,"Culture maraichère, Jachère",71940488.0,Tunis,Feuil1
Tunis,SKAYA,"arboricultures, valorusations des produits agricoles",99327397.0,Manar,Feuil1
Zaghouan,Feres AGRI,"Arboriculture, PAM, Grande culture",26430091.0,Zriba,Feuil1
Zaghouan,Ferme majdoub,,98346516.0,Fahs,Feuil1
Zaghouan,Agromed,"Olivier, Trituration, Conditionnement  et exportation d'huile d'olive,",28680862.0,Nadhour,Feuil1
Zaghouan,Haifa Damdoum,Olivier,22546547.0,Sidi Mrayeh,Feuil1
Zaghouan,Domaine Miri,Olivier,97376789.0,Bir Hlima,Feuil1
Zaghdoun,Société Haddar,"Olivier , Amandier",21411550.0,Bir Hlima,Feuil1
