annee,delegation,janvier,fevrier,mars,avril,mai,juin,juillet,aout,septembre,octobre,novembre,decembre,total,feuille
1990,Zaghouan,126.19999694824219,4.5,31.899999618530273,25.5,26.200000762939453,0.0,0.800000011920929,62.29999923706055,0.5,14.300000190734863,78.4000015258789,91.30000305175781,461.8999938964844,Feuil1
1990,Bir Mcherga,108.69999694824219,10.399999618530273,28.299999237060547,20.600000381469727,54.70000076293945,0.8999999761581421,0.0,22.200000762939453,0.0,16.0,61.099998474121094,101.4000015258789,424.29998779296875,Feuil1
1990,Fahs,84.0,0.0,30.0,16.0,34.5,0.0,0.0,31.0,0.0,9.5,56.0,83.0,344.0,Feuil1
1990,Zriba,,,,,,,,,0.0,11.5,86.0,110.0,207.5,Feuil1
1990,Nadhour,119.5,0.0,31.0,28.5,62.400001525878906,0.0,1.5,65.0,0.0,37.79999923706055,17.0,47.0,409.70001220703125,Feuil1
1990,Saouaf,115.5,0.0,50.5,48.5,20.0,5.0,0.0,88.0,15.0,41.0,39.5,67.5,490.5,Feuil1
1991,Zaghouan,104.0,53.70000076293945,59.099998474121094,72.80000305175781,18.600000381469727,0.0,0.0,0.0,116.80000305175781,75.5,49.0,44.20000076293945,593.7000122070312,Feuil1
1991,Bir Mcherga,106.5999984741211,50.400001525878906,69.69999694824219,76.9000015258789,22.299999237060547,0.5,0.0,0.4000000059604645,48.29999923706055,65.0999984741211,45.400001525878906,53.5,539.0999755859375,Feuil1
1991,Fahs,77.0,52.5,59.0,90.0,23.5,0.0,0.0,0.0,86.5,64.9000015258789,37.5,24.0,514.9000244140625,Feuil1
1991,Zriba,70.5,62.5,74.5,76.0,12.0,5.0,0.0,0.0,104.0,72.0,64.0,57.0,597.5,Feuil1
1991,Nadhour,47.5,46.0,38.0,61.0,6.5,0.0,0.0,0.0,56.0,26.700000762939453,26.399999618530273,9.5,317.6000061035156,Feuil1
1991,Saouaf,62.0,52.0,29.5,92.5,5.5,0.0,0.0,5.0,77.9000015258789,35.5,49.5,39.0,448.3999938964844,Feuil1
1992,Zaghouan,35.099998474121094,123.5999984741211,19.200000762939453,80.30000305175781,45.099998474121094,2.5,0.0,11.0,24.0,36.0,76.30000305175781,40.599998474121094,493.70001220703125,Feuil1
1992,Bir Mcherga,30.399999618530273,72.80000305175781,23.399999618530273,67.4000015258789,41.099998474121094,3.4000000953674316,8.199999809265137,4.0,21.5,17.600000381469727,71.80000305175781,58.5,420.1000061035156,Feuil1
1992,Fahs,32.900001525878906,69.0,11.5,107.0,34.0,0.0,0.0,0.0,6.5,30.0,70.5,44.5,405.8999938964844,Feuil1
1992,Zriba,37.0,140.0,18.5,92.0,39.0,3.0,5.0,41.0,15.0,34.0,93.0,71.0,588.5,Feuil1
1992,Nadhour,32.5,129.0,16.5,61.0,38.0,0.0,5.0,1.0,5.0,13.0,75.0,60.5,436.5,Feuil1
1992,Saouaf,35.5,118.5,23.0,84.5,32.5,0.0,0.0,6.0,23.0,51.0,95.5,59.0,528.5,Feuil1
1993,Zaghouan,33.900001525878906,36.79999923706055,60.099998474121094,2.5,115.0,0.0,0.0,2.0,31.399999618530273,22.600000381469727,25.0,46.29999923706055,375.6000061035156,Feuil1
1993,Bir Mcherga,32.20000076293945,22.299999237060547,46.29999923706055,1.899999976158142,48.099998474121094,0.0,0.0,1.5,48.099998474121094,22.100000381469727,11.399999618530273,11.899999618530273,245.8000030517578,Feuil1
1993,Fahs,35.0,24.0,42.5,3.0,49.0,0.0,0.0,0.0,41.0,15.0,5.5,19.0,234.0,Feuil1
1993,Zriba,39.0,56.5,68.0,2.5,103.5,0.0,0.0,3.0,19.5,41.5,17.5,77.5,428.5,Feuil1
1993,Nadhour,21.0,45.5,46.5,7.800000190734863,47.0,0.0,0.0,0.0,25.0,25.5,13.0,42.0,273.29998779296875,Feuil1
1993,Saouaf,28.5,60.0,56.5,0.0,86.0,2.0,0.0,5.0,27.5,45.5,15.5,69.0,395.5,Feuil1
1994,Zaghouan,26.600000381469727,54.400001525878906,5.300000190734863,33.29999923706055,6.0,1.5,1.7999999523162842,0.0,38.20000076293945,55.400001525878906,12.399999618530273,5.5,240.39999389648438,Feuil1
1994,Bir Mcherga,21.899999618530273,48.29999923706055,6.599999904632568,13.800000190734863,11.199999809265137,5.699999809265137,0.0,0.0,35.29999923706055,42.79999923706055,11.100000381469727,6.699999809265137,203.39999389648438,Feuil1
1994,Fahs,21.0,34.5,5.0,17.5,16.0,0.0,0.0,0.0,42.29999923706055,75.5,10.5,8.0,230.3000030517578,Feuil1
1994,Zriba,42.5,75.5,7.300000190734863,72.0,3.5,5.0,1.5,0.0,44.70000076293945,46.0,24.5,3.0,325.5,Feuil1
1994,Nadhour,7.0,30.0,5.0,27.0,5.0,5.5,0.0,0.0,48.0,80.0,0.0,4.0,211.5,Feuil1
1994,Saouaf,49.5,44.5,2.0,45.0,4.0,6.0,0.0,0.0,40.5,33.0,14.0,3.0,241.5,Feuil1
1995,Zaghouan,53.79999923706055,0.30000001192092896,43.20000076293945,37.5,1.0,17.100000381469727,0.0,25.299999237060547,109.69999694824219,8.399999618530273,61.20000076293945,140.1999969482422,497.70001220703125,Feuil1
1995,Bir Mcherga,69.9000015258789,1.100000023841858,21.899999618530273,25.5,2.0,25.5,8.199999809265137,6.800000190734863,91.4000015258789,52.599998474121094,51.70000076293945,23.200000762939453,379.79998779296875,Feuil1
1995,Fahs,42.20000076293945,2.5,21.200000762939453,21.0,1.600000023841858,24.5,0.0,0.0,75.0,29.0,53.5,31.0,301.5,Feuil1
1995,Zriba,63.0,0.0,26.5,47.5,0.0,37.0,0.0,38.0,186.0,21.5,72.0,142.0,633.5,Feuil1
1995,Nadhour,29.5,0.0,17.0,17.600000381469727,0.0,22.0,10.0,19.0,110.0,30.5,60.0,58.5,374.1000061035156,Feuil1
1995,Saouaf,43.5,0.0,11.0,24.0,0.0,30.0,2.0,34.0,182.0,33.5,72.0,102.0,534.0,Feuil1
1996,Zaghouan,101.4000015258789,166.8000030517578,46.5,100.0,89.19999694824219,25.0,10.399999618530273,45.0,28.100000381469727,12.699999809265137,6.199999809265137,23.5,654.7999877929688,Feuil1
1996,Bir Mcherga,97.19999694824219,143.89999389648438,74.5,88.80000305175781,64.5999984741211,16.899999618530273,0.6000000238418579,14.800000190734863,19.100000381469727,15.0,11.199999809265137,17.600000381469727,564.2000122070312,Feuil1
1996,Fahs,85.0999984741211,110.0,27.899999618530273,102.5999984741211,44.0,15.0,6.199999809265137,30.0,28.5,2.5,10.0,21.5,483.29998779296875,Feuil1
1996,Zriba,90.0,208.5,40.5,87.5999984741211,41.5,61.0,10.0,14.0,73.0,23.5,11.5,28.5,689.5999755859375,Feuil1
1996,Nadhour,58.70000076293945,74.5,31.5,32.5,51.0,26.5,0.0,5.0,67.0,10.0,1.5,26.0,384.20001220703125,Feuil1
1996,Saouaf,107.0,151.5,25.5,67.5,62.0,25.5,0.0,42.5,46.0,9.0,6.0,31.0,573.5,Feuil1
1997,Zaghouan,69.69999694824219,17.0,10.5,66.4000015258789,2.5,5.199999809265137,0.0,34.0,121.5,60.0,68.19999694824219,70.5,525.5,Feuil1
1997,Bir Mcherga,59.70000076293945,24.899999618530273,7.199999809265137,40.0,0.0,9.800000190734863,0.30000001192092896,32.099998474121094,126.5,46.20000076293945,63.400001525878906,88.69999694824219,498.79998779296875,Feuil1
1997,Fahs,78.5,16.5,0.0,41.0,0.0,0.0,0.0,29.5,78.0,67.0,72.0,64.0,446.5,Feuil1
1997,Zriba,79.5,25.0,6.199999809265137,57.5,0.5,8.5,0.0,31.0,163.0,54.0,54.0,92.5,571.7000122070312,Feuil1
1997,Nadhour,46.0,5.0,1.7000000476837158,39.0,0.5,14.0,0.0,39.5,121.5,36.0,41.5,19.0,363.70001220703125,Feuil1
1997,Saouaf,62.0,28.5,3.0,45.5,3.0,10.0,0.0,42.5,111.5,70.0,34.0,46.0,456.0,Feuil1
1998,Zaghouan,27.799999237060547,19.5,14.0,22.299999237060547,11.399999618530273,4.800000190734863,0.0,11.0,58.20000076293945,100.69999694824219,29.299999237060547,49.400001525878906,348.3999938964844,Feuil1
1998,Bir Mcherga,27.399999618530273,33.400001525878906,11.300000190734863,25.0,21.799999237060547,6.099999904632568,0.0,24.0,65.5999984741211,69.5999984741211,42.70000076293945,58.0,384.8999938964844,Feuil1
1998,Fahs,37.0,21.0,24.0,20.0,14.5,35.0,0.0,28.0,45.0,105.5,50.5,38.5,419.0,Feuil1
1998,Zriba,29.0,0.699999988079071,22.5,21.0,23.0,3.0,0.0,10.0,43.5,117.0,27.0,52.0,348.70001220703125,Feuil1
1998,Nadhour,24.5,5.5,13.5,19.5,5.0,7.0,0.0,8.5,56.5,35.0,8.5,11.600000381469727,195.10000610351562,Feuil1
1998,Saouaf,29.0,7.0,30.0,16.0,52.0,8.0,0.0,25.0,27.0,46.0,3.299999952316284,53.0,296.29998779296875,Feuil1
1999,Zaghouan,218.8000030517578,21.600000381469727,53.70000076293945,4.699999809265137,27.100000381469727,19.799999237060547,2.4000000953674316,5.199999809265137,34.0,10.600000381469727,228.60000610351562,34.900001525878906,661.4000244140625,Feuil1
1999,Bir Mcherga,144.0,33.900001525878906,57.599998474121094,4.0,15.699999809265137,4.400000095367432,33.0,6.300000190734863,22.299999237060547,6.699999809265137,85.0999984741211,41.900001525878906,454.8999938964844,Feuil1
1999,Fahs,148.5,37.0,63.5,,21.5,15.0,,14.5,23.5,7.0,103.30000305175781,35.0,468.79998779296875,Feuil1
1999,Zriba,228.0,26.0,45.0,4.0,,,,19.0,33.0,6.0,224.0,27.0,612.0,Feuil1
1999,Nadhour,125.19999694824219,6.5,51.0,10.5,5.0,6.0,6.0,6.0,32.0,16.0,120.5,17.0,401.70001220703125,Feuil1
1999,Saouaf,168.0,20.0,62.0,13.5,10.0,,11.5,7.0,32.0,18.0,131.0,25.0,498.0,Feuil1
2000,Zaghouan,10.800000190734863,13.600000381469727,13.699999809265137,33.20000076293945,75.0999984741211,1.2999999523162842,0.0,0.0,46.599998474121094,157.39999389648438,23.799999237060547,75.30000305175781,450.79998779296875,Feuil1
2000,Bir Mcherga,12.699999809265137,15.399999618530273,18.600000381469727,38.5,56.599998474121094,0.0,0.0,0.0,56.20000076293945,84.9000015258789,15.699999809265137,66.19999694824219,364.79998779296875,Feuil1
2000,Fahs,7.5,6.0,8.100000381469727,18.600000381469727,124.0,0.0,0.0,0.0,14.0,120.0,24.5,38.0,360.70001220703125,Feuil1
2000,Zriba,6.0,19.0,18.0,34.0,41.0,1.5,0.0,0.0,54.0,174.0,21.0,99.0,467.5,Feuil1
2000,Nadhour,0.0,5.5,30.0,59.0,45.0,10.0,0.0,1.0,16.0,67.0,23.5,27.0,284.0,Feuil1
2000,Saouaf,10.0,16.0,29.0,35.0,55.0,8.5,0.0,0.0,31.5,60.0,44.0,41.0,330.0,Feuil1
2001,Zaghouan,45.20000076293945,18.100000381469727,5.699999809265137,,,,,,30.399999618530273,10.600000381469727,33.79999923706055,22.799999237060547,166.60000610351562,Feuil1
2001,Bir Mcherga,45.79999923706055,35.70000076293945,14.199999809265137,25.399999618530273,40.5,0.4000000059604645,0.0,0.0,17.799999237060547,1.600000023841858,16.600000381469727,23.0,221.0,Feuil1
2001,Fahs,47.79999923706055,24.200000762939453,6.0,33.5,42.0,0.0,0.0,0.0,15.5,12.0,6.0,19.0,206.0,Feuil1
2001,Zriba,37.0,30.0,9.0,26.0,23.0,0.0,0.0,1.0,30.0,6.0,56.0,47.0,265.0,Feuil1
2001,Nadhour,,,,,,,,,25.0,0.5,23.0,5.5,54.0,Feuil1
2001,Saouaf,41.0,34.5,6.0,23.0,25.0,0.0,5.0,1.5,29.0,2.0,39.0,17.0,223.0,Feuil1
2002,Zaghouan,5.400000095367432,3.9000000953674316,18.0,32.20000076293945,34.900001525878906,6.599999904632568,33.79999923706055,13.699999809265137,10.300000190734863,15.100000381469727,76.0999984741211,32.70000076293945,282.70001220703125,Feuil1
2002,Bir Mcherga,10.199999809265137,17.700000762939453,8.0,47.400001525878906,26.299999237060547,5.0,15.600000381469727,25.799999237060547,22.600000381469727,36.79999923706055,79.9000015258789,44.099998474121094,339.3999938964844,Feuil1
2002,Fahs,7.0,7.0,29.5,39.0,8.600000381469727,0.0,32.400001525878906,5.0,27.0,35.0,115.0,33.5,339.0,Feuil1
2002,Zriba,4.0,10.0,18.0,45.0,40.0,0.0,27.0,25.0,26.0,38.0,63.0,49.0,345.0,Feuil1
2002,Nadhour,2.0,5.0,59.0,23.0,48.0,0.5,14.0,43.0,11.5,1.0,59.5,31.0,297.5,Feuil1
2002,Saouaf,6.0,8.5,20.5,53.0,46.5,3.5,21.0,20.5,17.5,23.5,79.0,47.5,347.0,Feuil1
2003,Zaghouan,149.60000610351562,56.599998474121094,21.799999237060547,74.5,5.599999904632568,3.9000000953674316,0.0,0.0,153.39999389648438,85.80000305175781,19.5,165.89999389648438,736.5999755859375,Feuil1
2003,Bir Mcherga,140.60000610351562,68.69999694824219,27.0,99.5,17.5,12.100000381469727,11.5,0.20000000298023224,140.10000610351562,65.5,9.600000381469727,147.3000030517578,739.5999755859375,Feuil1
2003,Fahs,121.5,55.5,25.5,93.19999694824219,8.5,6.0,0.0,0.0,102.0,65.30000305175781,13.0,124.5,615.0,Feuil1
2003,Zriba,164.0,92.5,43.0,71.5,14.0,3.0,0.0,0.0,153.5,100.5,15.0,146.0,803.0,Feuil1
2003,Nadhour,131.0,63.0,19.5,55.5,8.0,0.0,4.0,0.0,94.5,125.0,29.0,128.0,657.5,Feuil1
2003,Saouaf,175.0,94.0,24.0,94.5,10.0,6.5,1.0,1.5,100.5,103.0,20.5,135.0,765.5,Feuil1
2004,Zaghouan,20.100000381469727,21.100000381469727,91.5,32.70000076293945,12.699999809265137,39.099998474121094,0.0,17.0,49.5,25.200000762939453,51.400001525878906,43.5,403.79998779296875,Feuil1
2004,Bir Mcherga,30.799999237060547,19.5,73.9000015258789,39.0,3.799999952316284,57.0,0.0,15.699999809265137,57.599998474121094,19.399999618530273,106.5,74.69999694824219,497.8999938964844,Feuil1
2004,Fahs,27.5,25.700000762939453,88.0,33.0,20.0,39.5,0.0,20.0,69.4000015258789,14.0,130.5,69.0,536.5999755859375,Feuil1
2004,Zriba,27.5,19.0,93.5,32.0,15.5,42.5,0.0,18.0,60.5,17.0,87.5,33.20000076293945,446.20001220703125,Feuil1
2004,Nadhour,13.5,27.0,72.5,41.5,3.0,13.0,0.0,27.0,52.5,21.0,56.0,26.5,353.5,Feuil1
2004,Saouaf,22.0,23.0,72.0,38.0,8.0,27.0,2.0,8.0,55.0,15.0,51.0,41.0,362.0,Feuil1
2005,Zaghouan,38.29999923706055,79.69999694824219,21.799999237060547,32.20000076293945,5.599999904632568,21.0,4.5,21.5,13.5,16.600000381469727,21.200000762939453,72.5,348.3999938964844,Feuil1
2005,Bir Mcherga,55.599998474121094,102.9000015258789,20.200000762939453,54.79999923706055,3.4000000953674316,46.79999923706055,3.9000000953674316,61.099998474121094,25.399999618530273,7.400000095367432,30.200000762939453,81.19999694824219,492.8999938964844,Feuil1
2005,Fahs,47.5,92.0,17.0,56.0,5.5,5.0,0.0,8.5,14.5,6.5,27.5,72.5,352.5,Feuil1
2005,Zriba,38.599998474121094,103.5,26.5,46.5,5.0,22.0,1.0,17.0,4.699999809265137,39.5,46.29999923706055,70.5,421.1000061035156,Feuil1
2005,Nadhour,34.5,119.5,12.5,16.0,5.0,11.5,1.0,53.5,4.0,22.5,26.0,46.5,352.5,Feuil1
2005,Saouaf,45.0,66.0,11.0,25.0,8.0,45.0,0.0,25.0,3.0,59.0,17.0,63.0,367.0,Feuil1
2006,Zaghouan,241.10000610351562,27.299999237060547,11.0,16.399999618530273,29.5,6.400000095367432,0.0,6.5,41.29999923706055,64.30000305175781,12.199999809265137,184.3000030517578,640.2999877929688,Feuil1
2006,Bir Mcherga,130.5,71.0,18.5,2.9000000953674316,36.20000076293945,2.5999999046325684,2.200000047683716,3.700000047683716,33.599998474121094,116.19999694824219,10.100000381469727,127.19999694824219,554.7000122070312,Feuil1
2006,Fahs,151.0,48.0,20.700000762939453,0.0,19.0,0.0,0.0,0.0,33.0,48.0,7.5,146.5,473.70001220703125,Feuil1
2006,Zriba,208.0,19.0,28.5,5.5,54.0,10.0,2.0,4.0,34.0,67.0,10.5,136.0,578.5,Feuil1
2006,Nadhour,160.0,18.0,8.5,12.0,27.0,0.0,6.0,3.0,23.0,41.0,2.5,113.0,414.0,Feuil1
2006,Saouaf,156.0,16.0,16.0,11.0,34.0,10.0,33.0,4.0,33.400001525878906,73.0,21.0,136.0,543.4000244140625,Feuil1
2007,Zaghouan,5.400000095367432,35.400001525878906,115.9000015258789,54.099998474121094,7.199999809265137,21.700000762939453,0.0,10.399999618530273,31.899999618530273,105.80000305175781,20.600000381469727,36.70000076293945,445.1000061035156,Feuil1
2007,Bir Mcherga,14.300000190734863,35.5,135.60000610351562,36.79999923706055,3.5,15.100000381469727,0.0,6.599999904632568,56.099998474121094,67.5999984741211,25.200000762939453,47.900001525878906,444.20001220703125,Feuil1
2007,Fahs,9.5,15.0,128.0,56.0,7.5,33.0,0.0,20.0,48.0,84.5,20.5,46.400001525878906,468.3999938964844,Feuil1
2007,Zriba,10.5,54.0,140.5,61.0,11.0,35.0,0.0,2.0,41.0,79.0,19.0,48.0,501.0,Feuil1
2007,Nadhour,10.5,18.5,139.0,42.0,10.5,29.0,0.0,4.5,29.5,27.0,3.5,30.5,344.5,Feuil1
2007,Saouaf,8.0,30.0,181.0,62.0,12.0,40.0,0.0,3.0,69.19999694824219,80.0,2.4000000953674316,26.299999237060547,513.9000244140625,Feuil1
2008,Zaghouan,7.900000095367432,14.300000190734863,70.0,5.599999904632568,30.600000381469727,3.700000047683716,0.0,0.0,38.099998474121094,16.100000381469727,11.600000381469727,5.0,202.89999389648438,Feuil1
2008,Bir Mcherga,13.600000381469727,10.5,64.5,6.0,23.0,16.899999618530273,0.800000011920929,0.0,27.899999618530273,24.700000762939453,11.399999618530273,13.0,212.3000030517578,Feuil1
2008,Fahs,17.0,18.5,61.0,5.0,29.5,0.0,0.0,0.0,27.0,13.800000190734863,8.0,3.5,183.3000030517578,Feuil1
2008,Zriba,11.5,15.0,56.0,7.0,28.0,2.0,0.0,0.0,93.0,31.0,19.0,4.0,266.5,Feuil1
2008,Nadhour,2.5,5.5,32.5,11.0,25.0,18.5,0.0,1.5,54.5,21.5,10.0,0.0,182.5,Feuil1
2008,Saouaf,7.099999904632568,5.699999809265137,39.900001525878906,9.699999809265137,12.600000381469727,0.5,0.0,0.0,111.0999984741211,31.600000381469727,15.699999809265137,1.0,234.89999389648438,Feuil1
2009,Zaghouan,147.6999969482422,36.599998474121094,34.70000076293945,193.8000030517578,0.800000011920929,0.0,2.700000047683716,4.0,79.69999694824219,49.5,21.299999237060547,5.5,576.2999877929688,Feuil1
2009,Bir Mcherga,64.80000305175781,64.9000015258789,48.0,188.10000610351562,13.300000190734863,0.10000000149011612,1.2000000476837158,7.5,48.599998474121094,51.5,32.599998474121094,9.399999618530273,530.0,Feuil1
2009,Fahs,94.5,51.5,37.5,188.5,10.0,0.0,0.0,36.5,55.5,24.0,27.5,2.5,528.0,Feuil1
2009,Zriba,106.5,42.0,42.5,137.5,1.0,2.0,1.0,12.0,96.0,26.0,23.0,4.0,493.5,Feuil1
2009,Nadhour,71.0,25.0,16.0,77.0,4.0,0.0,9.0,13.0,80.0,14.0,24.0,5.0,338.0,Feuil1
2009,Saouaf,104.4000015258789,48.5,20.700000762939453,109.80000305175781,1.2000000476837158,0.0,0.0,2.5999999046325684,92.0,14.0,24.0,5.0,422.20001220703125,Feuil1
2010,Zaghouan,30.299999237060547,33.20000076293945,57.29999923706055,43.29999923706055,31.299999237060547,2.799999952316284,0.5,0.0,55.900001525878906,44.900001525878906,46.79999923706055,11.0,357.29998779296875,Feuil1
2010,Bir Mcherga,26.399999618530273,23.799999237060547,67.0,45.900001525878906,56.20000076293945,1.399999976158142,0.0,1.7999999523162842,29.799999237060547,29.200000762939453,46.400001525878906,15.399999618530273,343.29998779296875,Feuil1
2010,Fahs,17.100000381469727,20.5,62.0,50.5,45.0,0.0,0.0,0.0,40.0,30.0,41.20000076293945,18.5,324.79998779296875,Feuil1
2010,Zriba,20.0,26.5,52.0,49.0,26.0,3.0,0.0,0.5,53.5,35.0,39.5,7.5,312.5,Feuil1
2010,Nadhour,9.0,19.0,56.0,39.0,34.0,0.0,0.5,2.0,62.0,53.0,56.5,11.0,342.0,Feuil1
2010,Saouaf,21.0,30.0,54.0,44.0,29.0,3.0,11.0,2.0,53.79999923706055,72.0,69.0,7.0,395.79998779296875,Feuil1
2011,Zaghouan,46.5,86.5999984741211,34.70000076293945,71.5,66.30000305175781,5.5,0.0,0.0,1.0,219.0,126.0999984741211,62.20000076293945,719.4000244140625,Feuil1
2011,Bir Mcherga,31.399999618530273,69.19999694824219,35.79999923706055,36.79999923706055,59.70000076293945,14.699999809265137,0.0,0.0,1.600000023841858,196.60000610351562,126.9000015258789,60.099998474121094,632.7999877929688,Feuil1
2011,Fahs,41.5,79.0,32.0,66.0,78.5,41.0,0.0,0.0,0.0,116.80000305175781,110.19999694824219,54.5,619.5,Feuil1
2011,Zriba,42.0,67.0,18.5,45.0,63.0,38.0,0.0,0.0,3.0,179.0,114.0,49.0,618.5,Feuil1
2011,Nadhour,37.20000076293945,47.0,17.0,37.0,84.0,29.0,9.0,0.0,2.200000047683716,115.5,177.0,34.5,589.4000244140625,Feuil1
2011,Saouaf,24.0,72.0,17.0,50.0,59.0,39.0,11.0,0.0,14.0,163.0,156.0,63.0,668.0,Feuil1
2012,Zaghouan,37.599998474121094,65.5,59.0,35.20000076293945,11.0,1.5,6.5,16.0,62.5,144.0,31.0,13.699999809265137,483.5,Feuil1
2012,Bir Mcherga,65.30000305175781,95.5,41.099998474121094,33.099998474121094,11.0,0.20000000298023224,13.699999809265137,5.699999809265137,42.70000076293945,53.20000076293945,12.699999809265137,16.5,390.70001220703125,Feuil1
2012,Fahs,11.5,69.0,42.0,35.0,43.0,0.0,0.0,12.0,35.0,93.5,6.0,9.0,356.0,Feuil1
2012,Zriba,30.0,36.0,41.0,23.0,7.0,3.0,2.0,22.0,44.0,98.0,15.0,9.0,330.0,Feuil1
2012,Nadhour,38.5,45.5,46.0,31.0,7.0,0.0,0.0,30.0,35.0,115.0,14.0,9.0,371.0,Feuil1
2012,Saouaf,35.0,53.0,44.0,28.0,19.0,0.0,9.0,5.0,48.0,135.0,11.0,12.0,399.0,Feuil1
2013,Zaghouan,32.099998474121094,31.0,26.0,102.30000305175781,4.5,0.0,5.5,52.0,12.0,14.0,20.600000381469727,107.19999694824219,407.20001220703125,Feuil1
2013,Bir Mcherga,46.79999923706055,30.0,31.700000762939453,53.0,3.9000000953674316,0.0,2.9000000953674316,11.899999618530273,21.100000381469727,22.600000381469727,20.899999618530273,112.0999984741211,356.8999938964844,Feuil1
2013,Fahs,25.5,27.0,16.299999237060547,63.0,6.0,0.0,10.0,15.0,28.0,6.0,25.0,91.5,313.29998779296875,Feuil1
2013,Zriba,40.0,8.0,136.5,15.0,26.0,16.0,0.0,1.0,6.0,48.0,90.0,52.0,438.5,Feuil1
2013,Nadhour,17.0,5.0,13.0,89.0,11.0,0.0,2.5,61.5,4.0,66.0,19.5,77.0,365.5,Feuil1
2013,Saouaf,31.0,22.0,33.0,70.0,23.0,0.0,9.0,47.0,24.0,53.0,18.0,120.0,450.0,Feuil1
2014,Zaghouan,45.20000076293945,16.299999237060547,135.6999969482422,21.0,35.900001525878906,9.0,1.0,2.700000047683716,4.199999809265137,44.0,36.099998474121094,48.29999923706055,399.3999938964844,Feuil1
2014,Bir Mcherga,45.0,18.700000762939453,103.0,12.600000381469727,28.700000762939453,48.400001525878906,1.0,1.0,11.199999809265137,39.29999923706055,24.5,42.5,375.8999938964844,Feuil1
2014,Fahs,39.0,17.0,101.5,16.5,33.0,4.0,7.0,5.0,7.0,31.0,27.0,65.30000305175781,353.29998779296875,Feuil1
2014,Zriba,40.0,8.0,136.5,15.0,26.0,16.0,0.0,1.0,6.0,48.0,90.0,52.0,438.5,Feuil1
2014,Nadhour,26.0,7.0,106.0,14.800000190734863,13.0,11.0,21.0,2.0,41.0,28.0,11.0,24.0,304.79998779296875,Feuil1
2014,Saouaf,36.0,8.0,139.0,26.0,52.0,17.0,24.0,2.0,62.0,67.0,17.0,22.0,472.0,Feuil1
2015,Zaghouan,43.099998474121094,66.80000305175781,77.5,2.5,11.0,7.5,0.0,40.0,31.5,59.5,40.099998474121094,9.199999809265137,388.70001220703125,Feuil1
2015,Bir Mcherga,62.79999923706055,63.5,91.5,0.30000001192092896,6.800000190734863,12.0,0.30000001192092896,40.79999923706055,34.79999923706055,28.200000762939453,26.799999237060547,8.0,375.79998779296875,Feuil1
2015,Fahs,38.5,81.0,98.5,2.0,11.0,16.0,8.0,24.0,70.5,72.0,49.0,0.0,470.5,Feuil1
2015,Zriba,29.0,61.0,106.0,1.0,4.0,0.0,4.0,29.0,21.0,41.0,30.0,20.0,346.0,Feuil1
2015,Nadhour,13.0,63.0,63.0,0.0,0.0,0.0,3.0,55.5,132.0,49.0,21.0,5.0,404.5,Feuil1
2015,Saouaf,37.0,81.0,82.0,1.0,10.0,3.0,2.0,47.0,40.0,62.0,37.0,22.0,424.0,Feuil1
2016,Zaghouan,13.199999809265137,20.799999237060547,44.0,29.799999237060547,26.0,5.300000190734863,0.0,4.0,104.5999984741211,34.5,69.0,183.8000030517578,535.0,Feuil1
2016,Bir Mcherga,24.0,9.399999618530273,39.79999923706055,18.5,45.70000076293945,1.7999999523162842,0.10000000149011612,0.0,62.099998474121094,20.600000381469727,50.29999923706055,105.69999694824219,378.0,Feuil1
2016,Fahs,30.0,12.0,62.0,41.0,44.0,45.0,0.0,0.0,72.0,35.0,73.0,181.0,595.0,Feuil1
2016,Zriba,8.0,8.100000381469727,25.5,28.0,27.5,5.0,0.0,20.0,106.0,29.0,87.0,259.0,603.0999755859375,Feuil1
2016,Nadhour,12.0,1.0,17.5,54.0,23.0,0.0,0.0,33.0,45.0,25.0,50.0,332.0,592.5,Feuil1
2016,Saouaf,19.0,11.0,46.0,48.0,30.0,10.0,2.0,22.0,108.0,48.0,91.0,214.0,649.0,Feuil1
2017,Zaghouan,38.599998474121094,29.5,9.5,17.0,0.0,8.5,0.0,0.0,7.5,60.0,35.70000076293945,12.5,218.8000030517578,Feuil1
2017,Bir Mcherga,47.400001525878906,28.0,8.699999809265137,22.100000381469727,0.0,21.5,0.0,0.0,14.5,153.6999969482422,31.399999618530273,17.899999618530273,345.20001220703125,Feuil1
2017,Fahs,36.5,44.0,9.0,21.0,8.0,16.0,0.0,12.5,12.5,35.0,22.5,14.300000190734863,231.3000030517578,Feuil1
2017,Zriba,36.0,26.0,5.0,23.0,0.0,3.0,0.0,0.0,5.0,50.0,22.0,12.0,182.0,Feuil1
2017,Nadhour,6.0,10.5,12.0,12.0,0.0,6.5,0.0,4.0,10.0,58.0,19.0,2.0,140.0,Feuil1
2017,Saouaf,20.0,32.0,14.0,23.0,3.0,4.5,0.0,0.0,5.0,41.0,37.0,11.0,190.5,Feuil1
2018,Zaghouan,32.0,26.700000762939453,38.0,10.0,35.5,32.0,0.0,91.5,55.0,161.5,15.699999809265137,19.0,516.9000244140625,Feuil1
2018,Bir Mcherga,33.70000076293945,26.299999237060547,33.29999923706055,11.5,33.900001525878906,33.0,0.0,78.0,31.5,148.3000030517578,16.5,34.599998474121094,480.6000061035156,Feuil1
2018,Fahs,49.0,33.0,51.5,18.5,47.0,3.0,0.0,101.0,59.0,186.0,29.0,45.0,622.0,Feuil1
2018,Zriba,27.0,34.0,29.0,8.0,8.0,15.0,0.0,105.0,34.0,194.0,22.0,14.0,490.0,Feuil1
2018,Nadhour,28.0,17.0,27.0,38.0,10.0,0.0,0.0,96.0,36.0,179.0,4.0,12.0,447.0,Feuil1
2018,Saouaf,44.0,37.0,50.0,38.0,24.0,0.0,1.0,137.0,60.0,110.0,22.0,15.0,538.0,Feuil1
2019,Zaghouan,41.099998474121094,30.700000762939453,85.5,35.599998474121094,47.79999923706055,1.0,7.0,48.0,55.70000076293945,23.5,23.799999237060547,62.5,462.20001220703125,Feuil1
2019,Bir Mcherga,50.0,16.200000762939453,89.0,31.200000762939453,40.5,0.10000000149011612,0.0,,101.5999984741211,32.20000076293945,20.200000762939453,66.5,447.5,Feuil1
2019,Fahs,78.0,30.0,179.0,38.0,58.0,3.0,0.0,73.0,84.0,18.0,39.0,61.5,661.5,Feuil1
2019,Zriba,47.0,30.0,85.5,37.0,34.0,2.0,8.0,35.0,72.0,25.0,29.0,55.0,459.5,Feuil1
2019,Nadhour,24.0,13.0,129.0,46.0,39.0,3.0,32.0,19.0,82.0,29.0,27.0,41.0,484.0,Feuil1
2019,Saouaf,56.0,37.0,139.0,46.0,67.0,4.0,13.0,18.0,93.0,37.0,56.0,65.0,631.0,Feuil1
2020,Zaghouan,7.5,4.5,85.5,63.5,0.0,5.5,1.0,7.0,34.0,8.0,111.5,149.0,477.0,Feuil1
2020,Bir Mcherga,15.5,5.699999809265137,78.5,107.5,0.0,0.8999999761581421,0.30000001192092896,14.0,67.0,7.0,107.5,44.5,448.3999938964844,Feuil1
2020,Fahs,29.0,8.0,125.0,112.0,0.0,5.0,0.0,36.0,92.0,7.0,86.0,81.0,581.0,Feuil1
2020,Zriba,4.0,5.5,79.0,63.0,0.0,6.0,8.0,41.0,34.0,6.0,83.0,104.0,433.5,Feuil1
2020,Nadhour,5.0,4.0,86.5,80.0,0.0,56.0,0.0,26.0,72.0,15.0,83.0,25.0,452.5,Feuil1
2020,Saouaf,8.0,5.0,83.0,96.0,0.0,23.0,0.0,21.0,128.0,4.0,79.0,51.0,498.0,Feuil1
2021,Zaghouan,12.5,22.0,82.5,23.0,13.5,0.0,1.5,7.5,0.5,62.0,2.0,39.5,266.5,Feuil1
2021,Bir Mcherga,15.0,16.0,65.0999984741211,19.0,7.5,0.5,3.0,4.5,8.5,70.0,5.0,49.0,263.1000061035156,Feuil1
2021,Fahs,21.0,15.0,55.0,43.0,17.5,16.0,0.0,1.0,0.0,60.0,2.0,62.0,292.5,Feuil1
2021,Zriba,16.0,18.0,66.0,21.0,13.0,0.0,1.0,16.0,0.0,71.0,1.0,51.0,274.0,Feuil1
2021,Nadhour,0.0,3.0,53.0,10.0,15.0,0.0,0.0,8.0,0.0,22.299999237060547,0.5,11.5,123.30000305175781,Feuil1
2021,Saouaf,5.0,7.0,56.0,29.0,15.0,3.0,4.0,7.0,10.0,62.0,7.0,37.0,242.0,Feuil1
