date,nom_ar,nom_fr,unite,valeur
2026-04-18 21:00:00,L'humidité du sol,L'humidité du sol,mV,573.9
2026-04-18 21:00:00,Contenu volumétrique d'eau,Contenu volumétrique d'eau,%,7.7
2026-04-18 21:00:00,Température,Température,°C,17.4
2026-04-18 19:00:00,L'humidité du sol,L'humidité du sol,mV,573.7
2026-04-18 19:00:00,Température,Température,°C,17.3
2026-04-18 19:00:00,Contenu volumétrique d'eau,Contenu volumétrique d'eau,%,7.7
2026-04-18 17:00:00,Température,Température,°C,17.2
2026-04-18 17:00:00,Contenu volumétrique d'eau,Contenu volumétrique d'eau,%,7.7
2026-04-18 17:00:00,L'humidité du sol,L'humidité du sol,mV,573.7
2026-04-18 15:00:00,L'humidité du sol,L'humidité du sol,mV,573.7
2026-04-18 15:00:00,Température,Température,°C,17.2
2026-04-18 15:00:00,Contenu volumétrique d'eau,Contenu volumétrique d'eau,%,7.7
2026-04-18 13:00:00,Température,Température,°C,17.2
2026-04-18 13:00:00,L'humidité du sol,L'humidité du sol,mV,573.6
2026-04-18 13:00:00,Contenu volumétrique d'eau,Contenu volumétrique d'eau,%,7.7
2026-04-18 11:00:00,L'humidité du sol,L'humidité du sol,mV,573.7
2026-04-18 11:00:00,Contenu volumétrique d'eau,Contenu volumétrique d'eau,%,7.7
2026-04-18 11:00:00,Température,Température,°C,17.2
2026-04-18 09:00:00,Température,Température,°C,17.2
2026-04-18 09:00:00,L'humidité du sol,L'humidité du sol,mV,573.7
2026-04-18 09:00:00,Contenu volumétrique d'eau,Contenu volumétrique d'eau,%,7.7
2026-04-18 07:00:00,L'humidité du sol,L'humidité du sol,mV,573.6
2026-04-18 07:00:00,Contenu volumétrique d'eau,Contenu volumétrique d'eau,%,7.7
2026-04-18 07:00:00,Température,Température,°C,17.3
2026-04-18 05:00:00,L'humidité du sol,L'humidité du sol,mV,573.5
2026-04-18 05:00:00,Contenu volumétrique d'eau,Contenu volumétrique d'eau,%,7.7
2026-04-18 05:00:00,Température,Température,°C,17.3
2026-04-18 03:00:00,L'humidité du sol,L'humidité du sol,mV,573.5
2026-04-18 03:00:00,Contenu volumétrique d'eau,Contenu volumétrique d'eau,%,7.7
2026-04-18 03:00:00,Température,Température,°C,17.3
2026-04-18 01:00:00,L'humidité du sol,L'humidité du sol,mV,573.5
2026-04-18 01:00:00,Contenu volumétrique d'eau,Contenu volumétrique d'eau,%,7.7
2026-04-18 01:00:00,Température,Température,°C,17.3
2026-04-17 23:00:00,L'humidité du sol,L'humidité du sol,mV,573.3
2026-04-17 23:00:00,Contenu volumétrique d'eau,Contenu volumétrique d'eau,%,7.7
2026-04-17 23:00:00,Température,Température,°C,17.2
2026-04-17 21:00:00,Température,Température,°C,17.2
2026-04-17 21:00:00,Contenu volumétrique d'eau,Contenu volumétrique d'eau,%,7.7
2026-04-17 21:00:00,L'humidité du sol,L'humidité du sol,mV,573.3
2026-04-17 19:00:00,L'humidité du sol,L'humidité du sol,mV,573.2
2026-04-17 19:00:00,Température,Température,°C,17.1
2026-04-17 19:00:00,Contenu volumétrique d'eau,Contenu volumétrique d'eau,%,7.7
2026-04-17 17:00:00,Température,Température,°C,17.0
2026-04-17 17:00:00,Contenu volumétrique d'eau,Contenu volumétrique d'eau,%,7.7
2026-04-17 17:00:00,L'humidité du sol,L'humidité du sol,mV,573.1
2026-04-15 07:00:00,Contenu volumétrique d'eau,Contenu volumétrique d'eau,%,7.7
2026-04-15 07:00:00,Température,Température,°C,16.9
2026-04-15 07:00:00,L'humidité du sol,L'humidité du sol,mV,573.1
2026-04-15 05:00:00,Contenu volumétrique d'eau,Contenu volumétrique d'eau,%,7.7
2026-04-15 05:00:00,Température,Température,°C,16.9
2026-04-15 05:00:00,L'humidité du sol,L'humidité du sol,mV,573.2
2026-04-15 03:00:00,Contenu volumétrique d'eau,Contenu volumétrique d'eau,%,7.7
2026-04-15 03:00:00,Température,Température,°C,16.9
2026-04-15 03:00:00,L'humidité du sol,L'humidité du sol,mV,573.2
2026-04-15 01:00:00,Contenu volumétrique d'eau,Contenu volumétrique d'eau,%,7.7
2026-04-15 01:00:00,Température,Température,°C,17.0
2026-04-15 01:00:00,L'humidité du sol,L'humidité du sol,mV,573.3
2026-04-14 23:00:00,Contenu volumétrique d'eau,Contenu volumétrique d'eau,%,7.7
2026-04-14 23:00:00,Température,Température,°C,17.0
2026-04-14 23:00:00,L'humidité du sol,L'humidité du sol,mV,573.4
2026-04-14 21:00:00,Contenu volumétrique d'eau,Contenu volumétrique d'eau,%,7.7
2026-04-14 21:00:00,Température,Température,°C,17.0
2026-04-14 21:00:00,L'humidité du sol,L'humidité du sol,mV,573.3
2026-04-14 19:00:00,Contenu volumétrique d'eau,Contenu volumétrique d'eau,%,7.7
2026-04-14 19:00:00,Température,Température,°C,17.0
2026-04-14 19:00:00,L'humidité du sol,L'humidité du sol,mV,573.2
2026-04-14 17:00:00,Contenu volumétrique d'eau,Contenu volumétrique d'eau,%,7.7
2026-04-14 17:00:00,Température,Température,°C,17.0
2026-04-14 17:00:00,L'humidité du sol,L'humidité du sol,mV,573.5
2026-04-14 15:00:00,Contenu volumétrique d'eau,Contenu volumétrique d'eau,%,7.7
2026-04-14 15:00:00,Température,Température,°C,17.0
2026-04-14 15:00:00,L'humidité du sol,L'humidité du sol,mV,573.7
2026-04-14 13:00:00,Contenu volumétrique d'eau,Contenu volumétrique d'eau,%,7.7
2026-04-14 13:00:00,Température,Température,°C,17.1
2026-04-14 13:00:00,L'humidité du sol,L'humidité du sol,mV,573.8
2026-04-14 11:00:00,Contenu volumétrique d'eau,Contenu volumétrique d'eau,%,7.7
2026-04-14 11:00:00,L'humidité du sol,L'humidité du sol,mV,573.8
2026-04-14 11:00:00,Température,Température,°C,17.1
2026-04-14 09:00:00,L'humidité du sol,L'humidité du sol,mV,573.7
2026-04-14 09:00:00,Contenu volumétrique d'eau,Contenu volumétrique d'eau,%,7.7
2026-04-14 09:00:00,Température,Température,°C,17.2
2026-04-14 07:00:00,Température,Température,°C,17.2
2026-04-14 07:00:00,Contenu volumétrique d'eau,Contenu volumétrique d'eau,%,7.7
2026-04-14 07:00:00,L'humidité du sol,L'humidité du sol,mV,573.8
2026-04-14 05:00:00,Contenu volumétrique d'eau,Contenu volumétrique d'eau,%,7.7
2026-04-14 05:00:00,L'humidité du sol,L'humidité du sol,mV,573.7
2026-04-14 05:00:00,Température,Température,°C,17.2
2026-04-14 03:00:00,Température,Température,°C,17.2
2026-04-14 03:00:00,L'humidité du sol,L'humidité du sol,mV,573.7
2026-04-14 03:00:00,Contenu volumétrique d'eau,Contenu volumétrique d'eau,%,7.7
2026-04-14 01:00:00,L'humidité du sol,L'humidité du sol,mV,573.6
2026-04-14 01:00:00,Contenu volumétrique d'eau,Contenu volumétrique d'eau,%,7.7
2026-04-14 01:00:00,Température,Température,°C,17.2
2026-04-13 23:00:00,Température,Température,°C,17.2
2026-04-13 23:00:00,L'humidité du sol,L'humidité du sol,mV,573.5
2026-04-13 23:00:00,Contenu volumétrique d'eau,Contenu volumétrique d'eau,%,7.7
2026-04-13 21:00:00,L'humidité du sol,L'humidité du sol,mV,573.1
2026-04-13 21:00:00,Contenu volumétrique d'eau,Contenu volumétrique d'eau,%,7.7
2026-04-13 21:00:00,Température,Température,°C,17.1
2026-04-13 19:00:00,L'humidité du sol,L'humidité du sol,mV,573.1
2026-04-13 19:00:00,Contenu volumétrique d'eau,Contenu volumétrique d'eau,%,7.7
2026-04-13 19:00:00,Température,Température,°C,17.0
2026-04-13 17:00:00,L'humidité du sol,L'humidité du sol,mV,573.1
2026-04-13 17:00:00,Contenu volumétrique d'eau,Contenu volumétrique d'eau,%,7.7
2026-04-13 17:00:00,Température,Température,°C,17.0
2026-04-13 15:00:00,L'humidité du sol,L'humidité du sol,mV,573.2
2026-04-13 15:00:00,Contenu volumétrique d'eau,Contenu volumétrique d'eau,%,7.7
2026-04-13 15:00:00,Température,Température,°C,16.9
2026-04-13 13:00:00,L'humidité du sol,L'humidité du sol,mV,573.7
2026-04-13 13:00:00,Contenu volumétrique d'eau,Contenu volumétrique d'eau,%,7.7
2026-04-13 13:00:00,Température,Température,°C,16.9
2026-04-13 11:00:00,L'humidité du sol,L'humidité du sol,mV,573.9
2026-04-13 11:00:00,Contenu volumétrique d'eau,Contenu volumétrique d'eau,%,7.7
2026-04-13 11:00:00,Température,Température,°C,16.9
2026-04-13 09:00:00,L'humidité du sol,L'humidité du sol,mV,574.2
2026-04-13 09:00:00,Température,Température,°C,17.0
2026-04-13 09:00:00,Contenu volumétrique d'eau,Contenu volumétrique d'eau,%,7.7
2026-04-12 13:00:00,L'humidité du sol,L'humidité du sol,mV,574.4
2026-04-12 13:00:00,Température,Température,°C,16.7
2026-04-12 13:00:00,Contenu volumétrique d'eau,Contenu volumétrique d'eau,%,7.7
2026-04-12 11:00:00,Température,Température,°C,16.7
2026-04-12 11:00:00,Contenu volumétrique d'eau,Contenu volumétrique d'eau,%,7.7
2026-04-12 11:00:00,L'humidité du sol,L'humidité du sol,mV,574.4
2026-04-12 09:00:00,Contenu volumétrique d'eau,Contenu volumétrique d'eau,%,7.7
2026-04-12 09:00:00,Température,Température,°C,16.8
2026-04-12 09:00:00,L'humidité du sol,L'humidité du sol,mV,574.5
2026-04-12 07:00:00,Contenu volumétrique d'eau,Contenu volumétrique d'eau,%,7.7
2026-04-12 07:00:00,Température,Température,°C,16.8
2026-04-12 07:00:00,L'humidité du sol,L'humidité du sol,mV,574.5
2026-04-12 05:00:00,Température,Température,°C,16.8
2026-04-12 05:00:00,Contenu volumétrique d'eau,Contenu volumétrique d'eau,%,7.7
2026-04-12 05:00:00,L'humidité du sol,L'humidité du sol,mV,574.6
2026-04-12 03:00:00,Température,Température,°C,16.8
2026-04-12 03:00:00,Contenu volumétrique d'eau,Contenu volumétrique d'eau,%,7.7
2026-04-12 03:00:00,L'humidité du sol,L'humidité du sol,mV,574.6
2026-04-12 01:00:00,L'humidité du sol,L'humidité du sol,mV,574.7
2026-04-12 01:00:00,Température,Température,°C,16.7
2026-04-12 01:00:00,Contenu volumétrique d'eau,Contenu volumétrique d'eau,%,7.7
2026-04-11 23:00:00,Contenu volumétrique d'eau,Contenu volumétrique d'eau,%,7.7
2026-04-11 23:00:00,Température,Température,°C,16.7
2026-04-11 23:00:00,L'humidité du sol,L'humidité du sol,mV,574.6
2026-04-11 21:00:00,Contenu volumétrique d'eau,Contenu volumétrique d'eau,%,7.7
2026-04-11 21:00:00,Température,Température,°C,16.6
2026-04-11 21:00:00,L'humidité du sol,L'humidité du sol,mV,574.5
2026-04-11 19:00:00,Contenu volumétrique d'eau,Contenu volumétrique d'eau,%,7.7
2026-04-11 19:00:00,Température,Température,°C,16.5
2026-04-11 19:00:00,L'humidité du sol,L'humidité du sol,mV,574.5
2026-04-11 17:00:00,Contenu volumétrique d'eau,Contenu volumétrique d'eau,%,7.7
2026-04-11 17:00:00,Température,Température,°C,16.4
2026-04-11 17:00:00,L'humidité du sol,L'humidité du sol,mV,574.6
2026-04-11 15:00:00,Contenu volumétrique d'eau,Contenu volumétrique d'eau,%,7.7
2026-04-11 15:00:00,Température,Température,°C,16.3
2026-04-11 15:00:00,L'humidité du sol,L'humidité du sol,mV,574.8
2026-04-02 22:00:00,Contenu volumétrique d'eau,Contenu volumétrique d'eau,%,8.2
2026-04-02 22:00:00,Température,Température,°C,14.5
2026-04-02 22:00:00,L'humidité du sol,L'humidité du sol,mV,584.7
2026-04-02 20:00:00,Contenu volumétrique d'eau,Contenu volumétrique d'eau,%,8.2
2026-04-02 20:00:00,Température,Température,°C,14.5
2026-04-02 20:00:00,L'humidité du sol,L'humidité du sol,mV,584.6
2026-04-02 18:00:00,L'humidité du sol,L'humidité du sol,mV,584.6
2026-04-02 18:00:00,Contenu volumétrique d'eau,Contenu volumétrique d'eau,%,8.2
2026-04-02 18:00:00,Température,Température,°C,14.4
2026-04-02 16:00:00,L'humidité du sol,L'humidité du sol,mV,584.7
2026-04-02 16:00:00,Contenu volumétrique d'eau,Contenu volumétrique d'eau,%,8.2
2026-04-02 16:00:00,Température,Température,°C,14.4
2026-04-02 14:00:00,Température,Température,°C,14.4
2026-04-02 14:00:00,L'humidité du sol,L'humidité du sol,mV,584.9
2026-04-02 14:00:00,Contenu volumétrique d'eau,Contenu volumétrique d'eau,%,8.2
2026-04-02 12:00:00,Contenu volumétrique d'eau,Contenu volumétrique d'eau,%,8.2
2026-04-02 12:00:00,L'humidité du sol,L'humidité du sol,mV,585.1
2026-04-02 12:00:00,Température,Température,°C,14.4
2026-04-02 10:00:00,Contenu volumétrique d'eau,Contenu volumétrique d'eau,%,8.2
2026-04-02 10:00:00,Température,Température,°C,14.5
2026-04-02 10:00:00,L'humidité du sol,L'humidité du sol,mV,585.0
2026-04-02 08:00:00,Contenu volumétrique d'eau,Contenu volumétrique d'eau,%,8.2
2026-04-02 08:00:00,Température,Température,°C,14.5
2026-04-02 08:00:00,L'humidité du sol,L'humidité du sol,mV,585.2
2026-04-02 06:00:00,Température,Température,°C,14.5
2026-04-02 06:00:00,Contenu volumétrique d'eau,Contenu volumétrique d'eau,%,8.2
2026-04-02 06:00:00,L'humidité du sol,L'humidité du sol,mV,585.4
2026-04-02 02:00:00,L'humidité du sol,L'humidité du sol,mV,585.5
2026-04-02 02:00:00,Température,Température,°C,14.6
2026-04-02 02:00:00,Contenu volumétrique d'eau,Contenu volumétrique d'eau,%,8.2
2026-04-02 00:00:00,L'humidité du sol,L'humidité du sol,mV,585.6
2026-04-02 00:00:00,Température,Température,°C,14.6
2026-04-02 00:00:00,Contenu volumétrique d'eau,Contenu volumétrique d'eau,%,8.2
2026-04-01 22:00:00,Contenu volumétrique d'eau,Contenu volumétrique d'eau,%,8.2
2026-04-01 22:00:00,Température,Température,°C,14.6
2026-04-01 22:00:00,L'humidité du sol,L'humidité du sol,mV,585.5
2026-04-01 20:00:00,Température,Température,°C,14.6
2026-04-01 20:00:00,Contenu volumétrique d'eau,Contenu volumétrique d'eau,%,8.2
2026-04-01 20:00:00,L'humidité du sol,L'humidité du sol,mV,585.7
2026-04-01 18:00:00,Température,Température,°C,14.7
2026-04-01 18:00:00,Contenu volumétrique d'eau,Contenu volumétrique d'eau,%,8.2
2026-04-01 18:00:00,L'humidité du sol,L'humidité du sol,mV,585.6
2026-04-01 16:00:00,Température,Température,°C,14.7
2026-04-01 16:00:00,Contenu volumétrique d'eau,Contenu volumétrique d'eau,%,8.2
2026-04-01 16:00:00,L'humidité du sol,L'humidité du sol,mV,585.8
2026-04-01 14:00:00,Température,Température,°C,14.7
2026-04-01 14:00:00,Contenu volumétrique d'eau,Contenu volumétrique d'eau,%,8.2
2026-04-01 14:00:00,L'humidité du sol,L'humidité du sol,mV,586.0
2026-04-01 12:00:00,Température,Température,°C,14.8
2026-04-01 12:00:00,Contenu volumétrique d'eau,Contenu volumétrique d'eau,%,8.2
2026-04-01 12:00:00,L'humidité du sol,L'humidité du sol,mV,586.2
2026-04-01 10:00:00,Température,Température,°C,14.8
2026-04-01 10:00:00,Contenu volumétrique d'eau,Contenu volumétrique d'eau,%,8.2
2026-04-01 10:00:00,L'humidité du sol,L'humidité du sol,mV,586.4
2026-04-01 08:00:00,Température,Température,°C,14.9
2026-04-01 08:00:00,Contenu volumétrique d'eau,Contenu volumétrique d'eau,%,8.2
2026-04-01 08:00:00,L'humidité du sol,L'humidité du sol,mV,586.5
2026-04-01 06:00:00,Température,Température,°C,15.0
2026-04-01 06:00:00,Contenu volumétrique d'eau,Contenu volumétrique d'eau,%,8.2
2026-04-01 06:00:00,L'humidité du sol,L'humidité du sol,mV,586.6
2026-04-01 02:00:00,Température,Température,°C,15.1
2026-04-01 02:00:00,Contenu volumétrique d'eau,Contenu volumétrique d'eau,%,8.3
2026-04-01 02:00:00,L'humidité du sol,L'humidité du sol,mV,586.9
2026-04-01 00:00:00,Température,Température,°C,15.1
2026-04-01 00:00:00,Contenu volumétrique d'eau,Contenu volumétrique d'eau,%,8.3
2026-04-01 00:00:00,L'humidité du sol,L'humidité du sol,mV,586.9
2026-03-31 22:00:00,Température,Température,°C,15.1
2026-03-31 22:00:00,Contenu volumétrique d'eau,Contenu volumétrique d'eau,%,8.3
2026-03-31 22:00:00,L'humidité du sol,L'humidité du sol,mV,587.0
2026-03-31 20:00:00,Température,Température,°C,15.1
2026-03-31 20:00:00,Contenu volumétrique d'eau,Contenu volumétrique d'eau,%,8.3
2026-03-31 20:00:00,L'humidité du sol,L'humidité du sol,mV,587.2
2026-03-31 18:00:00,Température,Température,°C,15.1
2026-03-31 18:00:00,Contenu volumétrique d'eau,Contenu volumétrique d'eau,%,8.3
2026-03-31 18:00:00,L'humidité du sol,L'humidité du sol,mV,587.2
2026-03-31 16:00:00,Température,Température,°C,15.1
2026-03-31 16:00:00,Contenu volumétrique d'eau,Contenu volumétrique d'eau,%,8.3
2026-03-31 16:00:00,L'humidité du sol,L'humidité du sol,mV,587.2
2026-03-31 14:00:00,Température,Température,°C,15.1
2026-03-31 14:00:00,Contenu volumétrique d'eau,Contenu volumétrique d'eau,%,8.3
2026-03-31 14:00:00,L'humidité du sol,L'humidité du sol,mV,587.3
2026-03-31 12:00:00,Température,Température,°C,15.2
2026-03-31 12:00:00,Contenu volumétrique d'eau,Contenu volumétrique d'eau,%,8.3
2026-03-31 12:00:00,L'humidité du sol,L'humidité du sol,mV,587.5
2026-03-31 10:00:00,Température,Température,°C,15.2
2026-03-31 10:00:00,Contenu volumétrique d'eau,Contenu volumétrique d'eau,%,8.3
2026-03-31 10:00:00,L'humidité du sol,L'humidité du sol,mV,587.6
2026-03-31 08:00:00,Température,Température,°C,15.2
2026-03-31 08:00:00,Contenu volumétrique d'eau,Contenu volumétrique d'eau,%,8.3
2026-03-31 08:00:00,L'humidité du sol,L'humidité du sol,mV,587.9
2026-03-31 06:00:00,Température,Température,°C,15.2
2026-03-31 06:00:00,Contenu volumétrique d'eau,Contenu volumétrique d'eau,%,8.3
2026-03-31 06:00:00,L'humidité du sol,L'humidité du sol,mV,588.1
2026-03-31 02:00:00,Température,Température,°C,15.2
2026-03-31 02:00:00,Contenu volumétrique d'eau,Contenu volumétrique d'eau,%,8.3
2026-03-31 02:00:00,L'humidité du sol,L'humidité du sol,mV,587.9
2026-03-31 00:00:00,Température,Température,°C,15.1
2026-03-31 00:00:00,Contenu volumétrique d'eau,Contenu volumétrique d'eau,%,8.3
2026-03-31 00:00:00,L'humidité du sol,L'humidité du sol,mV,588.1
2026-03-30 22:00:00,Température,Température,°C,15.1
2026-03-30 22:00:00,Contenu volumétrique d'eau,Contenu volumétrique d'eau,%,8.3
2026-03-30 22:00:00,L'humidité du sol,L'humidité du sol,mV,588.1
2026-03-30 20:00:00,Contenu volumétrique d'eau,Contenu volumétrique d'eau,%,8.3
2026-03-30 20:00:00,Température,Température,°C,15.0
2026-03-30 20:00:00,L'humidité du sol,L'humidité du sol,mV,588.0
2026-03-30 18:00:00,Température,Température,°C,15.0
2026-03-30 18:00:00,L'humidité du sol,L'humidité du sol,mV,587.9
2026-03-30 18:00:00,Contenu volumétrique d'eau,Contenu volumétrique d'eau,%,8.3
2026-03-30 16:00:00,L'humidité du sol,L'humidité du sol,mV,588.1
2026-03-30 16:00:00,Température,Température,°C,14.9
2026-03-30 16:00:00,Contenu volumétrique d'eau,Contenu volumétrique d'eau,%,8.3
2026-03-30 14:00:00,Température,Température,°C,14.9
2026-03-30 14:00:00,Contenu volumétrique d'eau,Contenu volumétrique d'eau,%,8.3
2026-03-30 14:00:00,L'humidité du sol,L'humidité du sol,mV,588.3
2026-03-30 12:00:00,Température,Température,°C,14.9
2026-03-30 12:00:00,Contenu volumétrique d'eau,Contenu volumétrique d'eau,%,8.3
2026-03-30 12:00:00,L'humidité du sol,L'humidité du sol,mV,588.8
2026-03-30 10:00:00,Température,Température,°C,14.9
2026-03-30 10:00:00,Contenu volumétrique d'eau,Contenu volumétrique d'eau,%,8.4
2026-03-30 10:00:00,L'humidité du sol,L'humidité du sol,mV,589.0
2026-03-30 08:00:00,Température,Température,°C,14.9
2026-03-30 08:00:00,Contenu volumétrique d'eau,Contenu volumétrique d'eau,%,8.3
2026-03-30 08:00:00,L'humidité du sol,L'humidité du sol,mV,589.0
2026-03-30 06:00:00,Température,Température,°C,14.9
2026-03-30 06:00:00,Contenu volumétrique d'eau,Contenu volumétrique d'eau,%,8.4
2026-03-30 06:00:00,L'humidité du sol,L'humidité du sol,mV,589.3
2026-03-30 04:00:00,Température,Température,°C,14.9
2026-03-30 04:00:00,Contenu volumétrique d'eau,Contenu volumétrique d'eau,%,8.4
2026-03-30 04:00:00,L'humidité du sol,L'humidité du sol,mV,589.1
2026-03-30 02:00:00,Température,Température,°C,14.9
2026-03-30 02:00:00,Contenu volumétrique d'eau,Contenu volumétrique d'eau,%,8.4
2026-03-30 02:00:00,L'humidité du sol,L'humidité du sol,mV,589.2
2026-03-30 00:00:00,Température,Température,°C,14.9
2026-03-30 00:00:00,Contenu volumétrique d'eau,Contenu volumétrique d'eau,%,8.4
2026-03-30 00:00:00,L'humidité du sol,L'humidité du sol,mV,589.2
2026-03-29 22:00:00,Température,Température,°C,14.9
2026-03-29 22:00:00,Contenu volumétrique d'eau,Contenu volumétrique d'eau,%,8.4
2026-03-29 22:00:00,L'humidité du sol,L'humidité du sol,mV,589.2
2026-03-29 20:00:00,Température,Température,°C,14.9
2026-03-29 20:00:00,Contenu volumétrique d'eau,Contenu volumétrique d'eau,%,8.4
2026-03-29 20:00:00,L'humidité du sol,L'humidité du sol,mV,589.1
2026-03-29 18:00:00,Température,Température,°C,14.8
2026-03-29 18:00:00,Contenu volumétrique d'eau,Contenu volumétrique d'eau,%,8.4
2026-03-29 18:00:00,L'humidité du sol,L'humidité du sol,mV,589.3
2026-03-29 14:00:00,Température,Température,°C,14.8
2026-03-29 14:00:00,Contenu volumétrique d'eau,Contenu volumétrique d'eau,%,8.4
2026-03-29 14:00:00,L'humidité du sol,L'humidité du sol,mV,589.6
2026-03-29 12:00:00,Température,Température,°C,14.8
2026-03-29 12:00:00,Contenu volumétrique d'eau,Contenu volumétrique d'eau,%,8.4
2026-03-29 12:00:00,L'humidité du sol,L'humidité du sol,mV,589.8
2026-03-29 10:00:00,L'humidité du sol,L'humidité du sol,mV,589.9
2026-03-29 10:00:00,Température,Température,°C,14.8
2026-03-29 10:00:00,Contenu volumétrique d'eau,Contenu volumétrique d'eau,%,8.4
2026-03-29 08:00:00,L'humidité du sol,L'humidité du sol,mV,590.0
2026-03-29 08:00:00,Contenu volumétrique d'eau,Contenu volumétrique d'eau,%,8.4
2026-03-29 08:00:00,Température,Température,°C,14.8
2026-03-29 06:00:00,Température,Température,°C,14.9
2026-03-29 06:00:00,Contenu volumétrique d'eau,Contenu volumétrique d'eau,%,8.4
2026-03-29 06:00:00,L'humidité du sol,L'humidité du sol,mV,590.2
2026-03-29 04:00:00,Température,Température,°C,14.9
2026-03-29 04:00:00,Contenu volumétrique d'eau,Contenu volumétrique d'eau,%,8.4
2026-03-29 04:00:00,L'humidité du sol,L'humidité du sol,mV,590.2
2026-03-29 02:00:00,Température,Température,°C,14.9
2026-03-29 02:00:00,Contenu volumétrique d'eau,Contenu volumétrique d'eau,%,8.4
2026-03-29 02:00:00,L'humidité du sol,L'humidité du sol,mV,590.3
2026-03-29 00:00:00,Température,Température,°C,14.9
2026-03-29 00:00:00,Contenu volumétrique d'eau,Contenu volumétrique d'eau,%,8.4
2026-03-29 00:00:00,L'humidité du sol,L'humidité du sol,mV,590.3
2026-03-28 22:00:00,Température,Température,°C,14.8
2026-03-28 22:00:00,Contenu volumétrique d'eau,Contenu volumétrique d'eau,%,8.4
2026-03-28 22:00:00,L'humidité du sol,L'humidité du sol,mV,590.5
2026-03-28 20:00:00,Température,Température,°C,14.8
2026-03-28 20:00:00,Contenu volumétrique d'eau,Contenu volumétrique d'eau,%,8.4
2026-03-28 20:00:00,L'humidité du sol,L'humidité du sol,mV,590.5
2026-03-28 18:00:00,Température,Température,°C,14.8
2026-03-28 18:00:00,Contenu volumétrique d'eau,Contenu volumétrique d'eau,%,8.4
2026-03-28 18:00:00,L'humidité du sol,L'humidité du sol,mV,590.5
2026-03-28 16:00:00,Température,Température,°C,14.8
2026-03-28 16:00:00,Contenu volumétrique d'eau,Contenu volumétrique d'eau,%,8.4
2026-03-28 16:00:00,L'humidité du sol,L'humidité du sol,mV,590.8
2026-03-28 14:00:00,Température,Température,°C,14.8
2026-03-28 14:00:00,Contenu volumétrique d'eau,Contenu volumétrique d'eau,%,8.4
2026-03-28 14:00:00,L'humidité du sol,L'humidité du sol,mV,591.2
2026-03-28 12:00:00,Température,Température,°C,14.8
2026-03-28 12:00:00,Contenu volumétrique d'eau,Contenu volumétrique d'eau,%,8.5
2026-03-28 12:00:00,L'humidité du sol,L'humidité du sol,mV,591.5
2026-03-28 10:00:00,Température,Température,°C,14.8
2026-03-28 10:00:00,Contenu volumétrique d'eau,Contenu volumétrique d'eau,%,8.5
2026-03-28 10:00:00,L'humidité du sol,L'humidité du sol,mV,591.7
2026-03-28 08:00:00,Température,Température,°C,14.9
2026-03-28 08:00:00,Contenu volumétrique d'eau,Contenu volumétrique d'eau,%,8.5
2026-03-28 08:00:00,L'humidité du sol,L'humidité du sol,mV,591.9
2026-03-28 06:00:00,Température,Température,°C,14.9
2026-03-28 06:00:00,Contenu volumétrique d'eau,Contenu volumétrique d'eau,%,8.5
2026-03-28 06:00:00,L'humidité du sol,L'humidité du sol,mV,592.0
2026-03-28 04:00:00,L'humidité du sol,L'humidité du sol,mV,592.2
2026-03-28 04:00:00,Contenu volumétrique d'eau,Contenu volumétrique d'eau,%,8.5
2026-03-28 04:00:00,Température,Température,°C,15.0
2026-03-28 02:00:00,Contenu volumétrique d'eau,Contenu volumétrique d'eau,%,8.5
2026-03-28 02:00:00,Température,Température,°C,15.0
2026-03-28 02:00:00,L'humidité du sol,L'humidité du sol,mV,592.3
2026-03-28 00:00:00,Température,Température,°C,15.0
2026-03-28 00:00:00,Contenu volumétrique d'eau,Contenu volumétrique d'eau,%,8.5
2026-03-28 00:00:00,L'humidité du sol,L'humidité du sol,mV,592.6
2026-03-27 22:00:00,Température,Température,°C,15.0
2026-03-27 22:00:00,Contenu volumétrique d'eau,Contenu volumétrique d'eau,%,8.5
2026-03-27 22:00:00,L'humidité du sol,L'humidité du sol,mV,592.7
2026-03-27 20:00:00,Température,Température,°C,15.0
2026-03-27 20:00:00,Contenu volumétrique d'eau,Contenu volumétrique d'eau,%,8.5
2026-03-27 20:00:00,L'humidité du sol,L'humidité du sol,mV,592.8
2026-03-27 18:00:00,Température,Température,°C,15.0
2026-03-27 18:00:00,Contenu volumétrique d'eau,Contenu volumétrique d'eau,%,8.5
2026-03-27 18:00:00,L'humidité du sol,L'humidité du sol,mV,592.9
2026-03-27 16:00:00,Température,Température,°C,15.0
2026-03-27 16:00:00,Contenu volumétrique d'eau,Contenu volumétrique d'eau,%,8.5
2026-03-27 16:00:00,L'humidité du sol,L'humidité du sol,mV,593.0
2026-03-27 14:00:00,Température,Température,°C,15.0
2026-03-27 14:00:00,Contenu volumétrique d'eau,Contenu volumétrique d'eau,%,8.5
2026-03-27 14:00:00,L'humidité du sol,L'humidité du sol,mV,593.4
2026-03-27 12:00:00,Température,Température,°C,15.0
2026-03-27 12:00:00,Contenu volumétrique d'eau,Contenu volumétrique d'eau,%,8.6
2026-03-27 12:00:00,L'humidité du sol,L'humidité du sol,mV,593.7
2026-03-27 10:00:00,Température,Température,°C,15.1
2026-03-27 10:00:00,Contenu volumétrique d'eau,Contenu volumétrique d'eau,%,8.6
2026-03-27 10:00:00,L'humidité du sol,L'humidité du sol,mV,594.2
2026-03-27 08:00:00,Température,Température,°C,15.1
2026-03-27 08:00:00,Contenu volumétrique d'eau,Contenu volumétrique d'eau,%,8.6
2026-03-27 08:00:00,L'humidité du sol,L'humidité du sol,mV,594.3
2026-03-27 06:00:00,Température,Température,°C,15.2
2026-03-27 06:00:00,Contenu volumétrique d'eau,Contenu volumétrique d'eau,%,8.6
2026-03-27 06:00:00,L'humidité du sol,L'humidité du sol,mV,594.6
2026-03-27 04:00:00,Température,Température,°C,15.2
2026-03-27 04:00:00,Contenu volumétrique d'eau,Contenu volumétrique d'eau,%,8.6
2026-03-27 04:00:00,L'humidité du sol,L'humidité du sol,mV,594.7
2026-03-27 02:00:00,Température,Température,°C,15.2
2026-03-27 02:00:00,Contenu volumétrique d'eau,Contenu volumétrique d'eau,%,8.6
2026-03-27 02:00:00,L'humidité du sol,L'humidité du sol,mV,594.7
2026-03-27 00:00:00,Température,Température,°C,15.2
2026-03-27 00:00:00,Contenu volumétrique d'eau,Contenu volumétrique d'eau,%,8.6
2026-03-27 00:00:00,L'humidité du sol,L'humidité du sol,mV,594.9
2026-03-26 22:00:00,Température,Température,°C,15.2
2026-03-26 22:00:00,Contenu volumétrique d'eau,Contenu volumétrique d'eau,%,8.6
2026-03-26 22:00:00,L'humidité du sol,L'humidité du sol,mV,595.0
2026-03-26 20:00:00,Température,Température,°C,15.2
2026-03-26 20:00:00,Contenu volumétrique d'eau,Contenu volumétrique d'eau,%,8.6
2026-03-26 20:00:00,L'humidité du sol,L'humidité du sol,mV,594.9
2026-03-26 18:00:00,Température,Température,°C,15.2
2026-03-26 18:00:00,Contenu volumétrique d'eau,Contenu volumétrique d'eau,%,8.6
2026-03-26 18:00:00,L'humidité du sol,L'humidité du sol,mV,595.2
2026-03-26 16:00:00,Température,Température,°C,15.2
2026-03-26 16:00:00,Contenu volumétrique d'eau,Contenu volumétrique d'eau,%,8.6
2026-03-26 16:00:00,L'humidité du sol,L'humidité du sol,mV,595.2
2026-03-26 14:00:00,Température,Température,°C,15.2
2026-03-26 14:00:00,Contenu volumétrique d'eau,Contenu volumétrique d'eau,%,8.6
2026-03-26 14:00:00,L'humidité du sol,L'humidité du sol,mV,595.6
2026-03-26 12:00:00,Contenu volumétrique d'eau,Contenu volumétrique d'eau,%,8.7
2026-03-26 12:00:00,Température,Température,°C,15.2
2026-03-26 12:00:00,L'humidité du sol,L'humidité du sol,mV,596.0
2026-03-26 10:00:00,Contenu volumétrique d'eau,Contenu volumétrique d'eau,%,8.7
2026-03-26 10:00:00,Température,Température,°C,15.3
2026-03-26 10:00:00,L'humidité du sol,L'humidité du sol,mV,596.3
2026-03-26 08:00:00,Température,Température,°C,15.4
2026-03-26 08:00:00,Contenu volumétrique d'eau,Contenu volumétrique d'eau,%,8.7
2026-03-26 08:00:00,L'humidité du sol,L'humidité du sol,mV,596.4
2026-03-26 06:00:00,Température,Température,°C,15.4
2026-03-26 06:00:00,Contenu volumétrique d'eau,Contenu volumétrique d'eau,%,8.7
2026-03-26 06:00:00,L'humidité du sol,L'humidité du sol,mV,596.6
2026-03-26 02:00:00,Température,Température,°C,15.5
2026-03-26 02:00:00,Contenu volumétrique d'eau,Contenu volumétrique d'eau,%,8.7
2026-03-26 02:00:00,L'humidité du sol,L'humidité du sol,mV,596.8
2026-03-26 00:00:00,Température,Température,°C,15.4
2026-03-26 00:00:00,Contenu volumétrique d'eau,Contenu volumétrique d'eau,%,8.7
2026-03-26 00:00:00,L'humidité du sol,L'humidité du sol,mV,596.7
2026-03-25 22:00:00,Température,Température,°C,15.4
2026-03-25 22:00:00,Contenu volumétrique d'eau,Contenu volumétrique d'eau,%,8.7
2026-03-25 22:00:00,L'humidité du sol,L'humidité du sol,mV,596.8
2026-03-25 20:00:00,Température,Température,°C,15.4
2026-03-25 20:00:00,Contenu volumétrique d'eau,Contenu volumétrique d'eau,%,8.7
2026-03-25 20:00:00,L'humidité du sol,L'humidité du sol,mV,596.7
2026-03-25 18:00:00,Température,Température,°C,15.3
2026-03-25 18:00:00,Contenu volumétrique d'eau,Contenu volumétrique d'eau,%,8.7
2026-03-25 18:00:00,L'humidité du sol,L'humidité du sol,mV,597.0
2026-03-25 16:00:00,Température,Température,°C,15.3
2026-03-25 16:00:00,Contenu volumétrique d'eau,Contenu volumétrique d'eau,%,8.7
2026-03-25 16:00:00,L'humidité du sol,L'humidité du sol,mV,597.0
2026-03-25 14:00:00,Contenu volumétrique d'eau,Contenu volumétrique d'eau,%,8.7
2026-03-25 14:00:00,Température,Température,°C,15.3
2026-03-25 14:00:00,L'humidité du sol,L'humidité du sol,mV,597.3
2026-03-25 12:00:00,Température,Température,°C,15.3
2026-03-25 12:00:00,Contenu volumétrique d'eau,Contenu volumétrique d'eau,%,8.7
2026-03-25 12:00:00,L'humidité du sol,L'humidité du sol,mV,597.7
2026-03-25 10:00:00,Température,Température,°C,15.3
2026-03-25 10:00:00,Contenu volumétrique d'eau,Contenu volumétrique d'eau,%,8.7
2026-03-25 10:00:00,L'humidité du sol,L'humidité du sol,mV,597.7
2026-03-25 08:00:00,Contenu volumétrique d'eau,Contenu volumétrique d'eau,%,8.7
2026-03-25 08:00:00,Température,Température,°C,15.4
2026-03-25 08:00:00,L'humidité du sol,L'humidité du sol,mV,597.9
2026-03-25 06:00:00,Température,Température,°C,15.4
2026-03-25 06:00:00,Contenu volumétrique d'eau,Contenu volumétrique d'eau,%,8.7
2026-03-25 06:00:00,L'humidité du sol,L'humidité du sol,mV,597.9
2026-03-25 05:00:00,Température,Température,°C,15.4
2026-03-25 05:00:00,L'humidité du sol,L'humidité du sol,mV,597.9
2026-03-25 05:00:00,Contenu volumétrique d'eau,Contenu volumétrique d'eau,%,8.7
2026-03-25 04:00:00,Température,Température,°C,15.4
2026-03-25 04:00:00,Contenu volumétrique d'eau,Contenu volumétrique d'eau,%,8.7
2026-03-25 04:00:00,L'humidité du sol,L'humidité du sol,mV,598.0
2026-03-25 02:00:00,Température,Température,°C,15.5
2026-03-25 02:00:00,Contenu volumétrique d'eau,Contenu volumétrique d'eau,%,8.7
2026-03-25 02:00:00,L'humidité du sol,L'humidité du sol,mV,598.1
2026-03-25 00:00:00,Température,Température,°C,15.5
2026-03-25 00:00:00,Contenu volumétrique d'eau,Contenu volumétrique d'eau,%,8.7
2026-03-25 00:00:00,L'humidité du sol,L'humidité du sol,mV,598.1
2026-03-24 22:00:00,Température,Température,°C,15.5
2026-03-24 22:00:00,Contenu volumétrique d'eau,Contenu volumétrique d'eau,%,8.7
2026-03-24 22:00:00,L'humidité du sol,L'humidité du sol,mV,598.0
2026-03-24 20:00:00,Contenu volumétrique d'eau,Contenu volumétrique d'eau,%,8.7
2026-03-24 20:00:00,L'humidité du sol,L'humidité du sol,mV,598.3
2026-03-24 20:00:00,Température,Température,°C,15.4
2026-03-24 18:00:00,Contenu volumétrique d'eau,Contenu volumétrique d'eau,%,8.7
2026-03-24 18:00:00,Température,Température,°C,15.4
2026-03-24 18:00:00,L'humidité du sol,L'humidité du sol,mV,598.3
2026-03-24 16:00:00,L'humidité du sol,L'humidité du sol,mV,598.4
2026-03-24 16:00:00,Température,Température,°C,15.4
2026-03-24 16:00:00,Contenu volumétrique d'eau,Contenu volumétrique d'eau,%,8.8
2026-03-24 14:00:00,Contenu volumétrique d'eau,Contenu volumétrique d'eau,%,8.8
2026-03-24 14:00:00,Température,Température,°C,15.4
2026-03-24 14:00:00,L'humidité du sol,L'humidité du sol,mV,599.0
2026-03-24 12:00:00,Contenu volumétrique d'eau,Contenu volumétrique d'eau,%,8.8
2026-03-24 12:00:00,Température,Température,°C,15.5
2026-03-24 12:00:00,L'humidité du sol,L'humidité du sol,mV,599.3
2026-03-24 10:00:00,L'humidité du sol,L'humidité du sol,mV,599.6
2026-03-24 10:00:00,Température,Température,°C,15.5
2026-03-24 10:00:00,Contenu volumétrique d'eau,Contenu volumétrique d'eau,%,8.8
2026-03-24 07:00:00,L'humidité du sol,L'humidité du sol,mV,599.9
2026-03-24 07:00:00,Température,Température,°C,15.6
2026-03-24 07:00:00,Contenu volumétrique d'eau,Contenu volumétrique d'eau,%,8.8
2026-03-24 06:00:00,Contenu volumétrique d'eau,Contenu volumétrique d'eau,%,8.8
2026-03-24 06:00:00,L'humidité du sol,L'humidité du sol,mV,600.0
2026-03-24 06:00:00,Température,Température,°C,15.6
2026-03-24 05:00:00,Température,Température,°C,15.6
2026-03-24 05:00:00,Contenu volumétrique d'eau,Contenu volumétrique d'eau,%,8.8
2026-03-24 05:00:00,L'humidité du sol,L'humidité du sol,mV,600.0
2026-03-24 04:00:00,Contenu volumétrique d'eau,Contenu volumétrique d'eau,%,8.8
2026-03-24 04:00:00,Température,Température,°C,15.6
2026-03-24 04:00:00,L'humidité du sol,L'humidité du sol,mV,600.0
2026-03-24 03:00:00,L'humidité du sol,L'humidité du sol,mV,600.0
2026-03-24 03:00:00,Température,Température,°C,15.6
2026-03-24 03:00:00,Contenu volumétrique d'eau,Contenu volumétrique d'eau,%,8.8
2026-03-24 02:00:00,L'humidité du sol,L'humidité du sol,mV,600.0
2026-03-24 02:00:00,Température,Température,°C,15.6
2026-03-24 02:00:00,Contenu volumétrique d'eau,Contenu volumétrique d'eau,%,8.8
2026-03-24 01:00:00,L'humidité du sol,L'humidité du sol,mV,600.1
2026-03-24 01:00:00,Température,Température,°C,15.6
2026-03-24 01:00:00,Contenu volumétrique d'eau,Contenu volumétrique d'eau,%,8.8
2026-03-24 00:00:00,Contenu volumétrique d'eau,Contenu volumétrique d'eau,%,8.8
2026-03-24 00:00:00,Température,Température,°C,15.6
2026-03-24 00:00:00,L'humidité du sol,L'humidité du sol,mV,600.0
2026-03-23 23:00:00,L'humidité du sol,L'humidité du sol,mV,600.0
2026-03-23 23:00:00,Contenu volumétrique d'eau,Contenu volumétrique d'eau,%,8.8
2026-03-23 23:00:00,Température,Température,°C,15.6
2026-03-23 22:00:00,Contenu volumétrique d'eau,Contenu volumétrique d'eau,%,8.8
2026-03-23 22:00:00,L'humidité du sol,L'humidité du sol,mV,600.0
2026-03-23 22:00:00,Température,Température,°C,15.6
2026-03-23 21:00:00,L'humidité du sol,L'humidité du sol,mV,599.9
2026-03-23 21:00:00,Contenu volumétrique d'eau,Contenu volumétrique d'eau,%,8.8
2026-03-23 21:00:00,Température,Température,°C,15.5
2026-03-23 20:00:00,L'humidité du sol,L'humidité du sol,mV,600.0
2026-03-23 20:00:00,Température,Température,°C,15.5
2026-03-23 20:00:00,Contenu volumétrique d'eau,Contenu volumétrique d'eau,%,8.8
2026-03-23 19:00:00,Température,Température,°C,15.5
2026-03-23 19:00:00,L'humidité du sol,L'humidité du sol,mV,599.9
2026-03-23 19:00:00,Contenu volumétrique d'eau,Contenu volumétrique d'eau,%,8.8
2026-03-23 18:00:00,Contenu volumétrique d'eau,Contenu volumétrique d'eau,%,8.8
2026-03-23 18:00:00,Température,Température,°C,15.5
2026-03-23 18:00:00,L'humidité du sol,L'humidité du sol,mV,600.1
2026-03-23 16:00:00,L'humidité du sol,L'humidité du sol,mV,600.2
2026-03-23 16:00:00,Température,Température,°C,15.5
2026-03-23 16:00:00,Contenu volumétrique d'eau,Contenu volumétrique d'eau,%,8.8
2026-03-23 14:00:00,Température,Température,°C,15.4
2026-03-23 14:00:00,Contenu volumétrique d'eau,Contenu volumétrique d'eau,%,8.8
2026-03-23 14:00:00,L'humidité du sol,L'humidité du sol,mV,600.2
2026-03-23 12:00:00,L'humidité du sol,L'humidité du sol,mV,600.5
2026-03-23 12:00:00,Température,Température,°C,15.4
2026-03-23 12:00:00,Contenu volumétrique d'eau,Contenu volumétrique d'eau,%,8.8
2026-03-23 10:00:00,Contenu volumétrique d'eau,Contenu volumétrique d'eau,%,8.8
2026-03-23 10:00:00,Température,Température,°C,15.4
2026-03-23 10:00:00,L'humidité du sol,L'humidité du sol,mV,600.6
2026-03-23 08:00:00,Contenu volumétrique d'eau,Contenu volumétrique d'eau,%,8.8
2026-03-23 08:00:00,Température,Température,°C,15.4
2026-03-23 08:00:00,L'humidité du sol,L'humidité du sol,mV,600.5
2026-03-23 06:00:00,Contenu volumétrique d'eau,Contenu volumétrique d'eau,%,8.8
2026-03-23 06:00:00,Température,Température,°C,15.4
2026-03-23 06:00:00,L'humidité du sol,L'humidité du sol,mV,600.6
2026-03-23 02:00:00,Contenu volumétrique d'eau,Contenu volumétrique d'eau,%,8.8
2026-03-23 02:00:00,Température,Température,°C,15.4
2026-03-23 02:00:00,L'humidité du sol,L'humidité du sol,mV,600.6
2026-03-23 00:00:00,Contenu volumétrique d'eau,Contenu volumétrique d'eau,%,8.8
2026-03-23 00:00:00,Température,Température,°C,15.4
2026-03-23 00:00:00,L'humidité du sol,L'humidité du sol,mV,600.6
2026-03-22 22:00:00,Contenu volumétrique d'eau,Contenu volumétrique d'eau,%,8.9
2026-03-22 22:00:00,Température,Température,°C,15.4
2026-03-22 22:00:00,L'humidité du sol,L'humidité du sol,mV,600.7
2026-03-22 20:00:00,Contenu volumétrique d'eau,Contenu volumétrique d'eau,%,8.9
2026-03-22 20:00:00,Température,Température,°C,15.4
2026-03-22 20:00:00,L'humidité du sol,L'humidité du sol,mV,600.8
2026-03-22 18:00:00,Contenu volumétrique d'eau,Contenu volumétrique d'eau,%,8.9
2026-03-22 18:00:00,L'humidité du sol,L'humidité du sol,mV,600.7
2026-03-22 18:00:00,Température,Température,°C,15.3
2026-03-22 16:00:00,Température,Température,°C,15.3
2026-03-22 16:00:00,Contenu volumétrique d'eau,Contenu volumétrique d'eau,%,8.9
2026-03-22 16:00:00,L'humidité du sol,L'humidité du sol,mV,600.9
2026-03-22 14:00:00,L'humidité du sol,L'humidité du sol,mV,601.0
2026-03-22 14:00:00,Température,Température,°C,15.3
2026-03-22 14:00:00,Contenu volumétrique d'eau,Contenu volumétrique d'eau,%,8.9
2026-03-22 12:00:00,Contenu volumétrique d'eau,Contenu volumétrique d'eau,%,8.9
2026-03-22 12:00:00,Température,Température,°C,15.3
2026-03-22 12:00:00,L'humidité du sol,L'humidité du sol,mV,601.4
2026-03-22 10:00:00,Contenu volumétrique d'eau,Contenu volumétrique d'eau,%,8.9
2026-03-22 10:00:00,Température,Température,°C,15.3
2026-03-22 10:00:00,L'humidité du sol,L'humidité du sol,mV,601.5
2026-03-22 08:00:00,Contenu volumétrique d'eau,Contenu volumétrique d'eau,%,8.9
2026-03-22 08:00:00,Température,Température,°C,15.4
2026-03-22 08:00:00,L'humidité du sol,L'humidité du sol,mV,601.5
2026-03-22 06:00:00,Contenu volumétrique d'eau,Contenu volumétrique d'eau,%,8.9
2026-03-22 06:00:00,Température,Température,°C,15.4
2026-03-22 06:00:00,L'humidité du sol,L'humidité du sol,mV,601.6
2026-03-22 05:00:00,L'humidité du sol,L'humidité du sol,mV,601.6
2026-03-22 05:00:00,Température,Température,°C,15.4
2026-03-22 05:00:00,Contenu volumétrique d'eau,Contenu volumétrique d'eau,%,8.9
2026-03-22 04:00:00,L'humidité du sol,L'humidité du sol,mV,601.6
2026-03-22 04:00:00,Contenu volumétrique d'eau,Contenu volumétrique d'eau,%,8.9
2026-03-22 04:00:00,Température,Température,°C,15.4
2026-03-22 02:00:00,Contenu volumétrique d'eau,Contenu volumétrique d'eau,%,8.9
2026-03-22 02:00:00,Température,Température,°C,15.4
2026-03-22 02:00:00,L'humidité du sol,L'humidité du sol,mV,601.9
2026-03-22 00:00:00,L'humidité du sol,L'humidité du sol,mV,602.2
2026-03-22 00:00:00,Température,Température,°C,15.4
2026-03-22 00:00:00,Contenu volumétrique d'eau,Contenu volumétrique d'eau,%,8.9
2026-03-21 22:00:00,Contenu volumétrique d'eau,Contenu volumétrique d'eau,%,8.9
2026-03-21 22:00:00,Température,Température,°C,15.4
2026-03-21 22:00:00,L'humidité du sol,L'humidité du sol,mV,602.1
2026-03-21 20:00:00,L'humidité du sol,L'humidité du sol,mV,602.1
2026-03-21 20:00:00,Température,Température,°C,15.4
2026-03-21 20:00:00,Contenu volumétrique d'eau,Contenu volumétrique d'eau,%,8.9
2026-03-21 18:00:00,Contenu volumétrique d'eau,Contenu volumétrique d'eau,%,8.9
2026-03-21 18:00:00,Température,Température,°C,15.3
2026-03-21 18:00:00,L'humidité du sol,L'humidité du sol,mV,602.2
2026-03-21 16:00:00,L'humidité du sol,L'humidité du sol,mV,602.5
2026-03-21 16:00:00,Température,Température,°C,15.3
2026-03-21 16:00:00,Contenu volumétrique d'eau,Contenu volumétrique d'eau,%,8.9
2026-03-21 14:00:00,L'humidité du sol,L'humidité du sol,mV,602.7
2026-03-21 14:00:00,Température,Température,°C,15.3
2026-03-21 14:00:00,Contenu volumétrique d'eau,Contenu volumétrique d'eau,%,8.9
2026-03-21 12:00:00,L'humidité du sol,L'humidité du sol,mV,603.2
2026-03-21 12:00:00,Température,Température,°C,15.4
2026-03-21 12:00:00,Contenu volumétrique d'eau,Contenu volumétrique d'eau,%,9.0
2026-03-21 10:00:00,Température,Température,°C,15.4
2026-03-21 10:00:00,L'humidité du sol,L'humidité du sol,mV,603.6
2026-03-21 10:00:00,Contenu volumétrique d'eau,Contenu volumétrique d'eau,%,9.0
2026-03-21 08:00:00,Contenu volumétrique d'eau,Contenu volumétrique d'eau,%,9.0
2026-03-21 08:00:00,L'humidité du sol,L'humidité du sol,mV,603.7
2026-03-21 08:00:00,Température,Température,°C,15.5
2026-03-21 06:00:00,L'humidité du sol,L'humidité du sol,mV,603.9
2026-03-21 06:00:00,Température,Température,°C,15.6
2026-03-21 06:00:00,Contenu volumétrique d'eau,Contenu volumétrique d'eau,%,9.0
2026-03-21 02:00:00,Température,Température,°C,15.7
2026-03-21 02:00:00,L'humidité du sol,L'humidité du sol,mV,604.2
2026-03-21 02:00:00,Contenu volumétrique d'eau,Contenu volumétrique d'eau,%,9.0
2026-03-21 00:00:00,Contenu volumétrique d'eau,Contenu volumétrique d'eau,%,9.0
2026-03-21 00:00:00,L'humidité du sol,L'humidité du sol,mV,604.4
2026-03-21 00:00:00,Température,Température,°C,15.7
2026-03-20 22:00:00,Température,Température,°C,15.7
2026-03-20 22:00:00,Contenu volumétrique d'eau,Contenu volumétrique d'eau,%,9.0
2026-03-20 22:00:00,L'humidité du sol,L'humidité du sol,mV,604.4
2026-03-20 20:00:00,L'humidité du sol,L'humidité du sol,mV,604.7
2026-03-20 20:00:00,Température,Température,°C,15.7
2026-03-20 20:00:00,Contenu volumétrique d'eau,Contenu volumétrique d'eau,%,9.0
2026-03-20 18:00:00,Contenu volumétrique d'eau,Contenu volumétrique d'eau,%,9.0
2026-03-20 18:00:00,Température,Température,°C,15.7
2026-03-20 18:00:00,L'humidité du sol,L'humidité du sol,mV,604.6
2026-03-20 16:00:00,Contenu volumétrique d'eau,Contenu volumétrique d'eau,%,9.0
2026-03-20 16:00:00,Température,Température,°C,15.7
2026-03-20 16:00:00,L'humidité du sol,L'humidité du sol,mV,604.8
2026-03-20 14:00:00,Contenu volumétrique d'eau,Contenu volumétrique d'eau,%,9.0
2026-03-20 14:00:00,Température,Température,°C,15.7
2026-03-20 14:00:00,L'humidité du sol,L'humidité du sol,mV,604.9
2026-03-20 12:00:00,Contenu volumétrique d'eau,Contenu volumétrique d'eau,%,9.0
2026-03-20 12:00:00,Température,Température,°C,15.8
2026-03-20 12:00:00,L'humidité du sol,L'humidité du sol,mV,605.1
2026-03-20 10:00:00,Contenu volumétrique d'eau,Contenu volumétrique d'eau,%,9.1
2026-03-20 10:00:00,Température,Température,°C,15.8
2026-03-20 10:00:00,L'humidité du sol,L'humidité du sol,mV,605.4
2026-03-20 08:00:00,Température,Température,°C,15.8
2026-03-20 08:00:00,Contenu volumétrique d'eau,Contenu volumétrique d'eau,%,9.1
2026-03-20 08:00:00,L'humidité du sol,L'humidité du sol,mV,605.5
2026-03-20 06:00:00,Température,Température,°C,15.8
2026-03-20 06:00:00,L'humidité du sol,L'humidité du sol,mV,605.7
2026-03-20 06:00:00,Contenu volumétrique d'eau,Contenu volumétrique d'eau,%,9.1
2026-03-20 02:00:00,Température,Température,°C,15.9
2026-03-20 02:00:00,L'humidité du sol,L'humidité du sol,mV,605.9
2026-03-20 02:00:00,Contenu volumétrique d'eau,Contenu volumétrique d'eau,%,9.1
2026-03-20 00:00:00,Température,Température,°C,15.9
2026-03-20 00:00:00,Contenu volumétrique d'eau,Contenu volumétrique d'eau,%,9.1
2026-03-20 00:00:00,L'humidité du sol,L'humidité du sol,mV,605.9
2026-03-19 22:00:00,Température,Température,°C,15.8
2026-03-19 22:00:00,Contenu volumétrique d'eau,Contenu volumétrique d'eau,%,9.1
2026-03-19 22:00:00,L'humidité du sol,L'humidité du sol,mV,605.9
2026-03-19 20:00:00,Température,Température,°C,15.8
2026-03-19 20:00:00,Contenu volumétrique d'eau,Contenu volumétrique d'eau,%,9.1
2026-03-19 20:00:00,L'humidité du sol,L'humidité du sol,mV,605.9
2026-03-19 18:00:00,Température,Température,°C,15.8
2026-03-19 18:00:00,Contenu volumétrique d'eau,Contenu volumétrique d'eau,%,9.1
2026-03-19 18:00:00,L'humidité du sol,L'humidité du sol,mV,605.9
2026-03-19 16:00:00,Contenu volumétrique d'eau,Contenu volumétrique d'eau,%,9.1
2026-03-19 16:00:00,Température,Température,°C,15.8
2026-03-19 16:00:00,L'humidité du sol,L'humidité du sol,mV,606.2
2026-03-19 14:00:00,Température,Température,°C,15.8
2026-03-19 14:00:00,Contenu volumétrique d'eau,Contenu volumétrique d'eau,%,9.1
2026-03-19 14:00:00,L'humidité du sol,L'humidité du sol,mV,606.5
2026-03-19 12:00:00,Température,Température,°C,15.8
2026-03-19 12:00:00,Contenu volumétrique d'eau,Contenu volumétrique d'eau,%,9.1
2026-03-19 12:00:00,L'humidité du sol,L'humidité du sol,mV,606.8
2026-03-19 10:00:00,Température,Température,°C,15.8
2026-03-19 10:00:00,Contenu volumétrique d'eau,Contenu volumétrique d'eau,%,9.1
2026-03-19 10:00:00,L'humidité du sol,L'humidité du sol,mV,607.1
2026-03-19 08:00:00,Température,Température,°C,15.8
2026-03-19 08:00:00,Contenu volumétrique d'eau,Contenu volumétrique d'eau,%,9.1
2026-03-19 08:00:00,L'humidité du sol,L'humidité du sol,mV,607.3
2026-03-19 06:00:00,Température,Température,°C,15.8
2026-03-19 06:00:00,Contenu volumétrique d'eau,Contenu volumétrique d'eau,%,9.1
2026-03-19 06:00:00,L'humidité du sol,L'humidité du sol,mV,607.3
2026-03-19 05:00:00,Température,Température,°C,15.8
2026-03-19 05:00:00,Contenu volumétrique d'eau,Contenu volumétrique d'eau,%,9.1
2026-03-19 05:00:00,L'humidité du sol,L'humidité du sol,mV,607.4
2026-03-19 04:00:00,Température,Température,°C,15.8
2026-03-19 04:00:00,Contenu volumétrique d'eau,Contenu volumétrique d'eau,%,9.1
2026-03-19 04:00:00,L'humidité du sol,L'humidité du sol,mV,607.4
2026-03-19 02:00:00,Contenu volumétrique d'eau,Contenu volumétrique d'eau,%,9.1
2026-03-19 02:00:00,Température,Température,°C,15.8
2026-03-19 02:00:00,L'humidité du sol,L'humidité du sol,mV,607.4
2026-03-19 00:00:00,Température,Température,°C,15.8
2026-03-19 00:00:00,Contenu volumétrique d'eau,Contenu volumétrique d'eau,%,9.1
2026-03-19 00:00:00,L'humidité du sol,L'humidité du sol,mV,607.3
