n,titre,auteur,annee,nom_de_fichier,lien,feuille
1,Carte bioclimatique de la Tunisie selon la classification d'Emberger,Direction des ressources en eau et en sol,2015.0,1-C,http://www.onagri.tn/uploads/docagri/1-C.PDF,Feuil1
2,Carte des ressources en sols de la Tunisie : Bizerte,Direction des ressources en Eau et en Sol,1979.0,2-C,http://www.onagri.tn/uploads/docagri/2-C.PDF,Feuil1
3,Carte des aménagements CES existants : Bizerte,"DGACTA, Sté Promet SA",2007.0,3-C,http://www.onagri.tn/uploads/docagri/3-C.PDF,Feuil1
4,Carte des pentes : Bizerte,"DGACTA, Sté Promet SA",2007.0,4-C,http://www.onagri.tn/uploads/docagri/4-C.PDF,Feuil1
5,Carte des ressources en sols de Bizerte : Esquisse géologique,Direction des ressources en Eau et en Sol,1979.0,5-C,http://www.onagri.tn/uploads/docagri/5-C.PDF,Feuil1
6,Carte des ressources en sols de Bizerte : Carte de végétation,Direction des ressources en Eau et en Sol,1979.0,6-C,http://www.onagri.tn/uploads/docagri/6-C.PDF,Feuil1
7,Carte des ressources en sols de Bizerte : Carte pédologique,Direction des ressources en Eau et en Sol,1979.0,7-C,http://www.onagri.tn/uploads/docagri/7-C.PDF,Feuil1
8,Bizerte : Carte des pentes,Direction des ressources en Eau et en Sol,1979.0,8-C,http://www.onagri.tn/uploads/docagri/8-C.PDF,Feuil1
9,Carte du statut foncier des terres : Bizerte,"DGACTA, Sté Promet SA",2007.0,9-C,http://www.onagri.tn/uploads/docagri/9-C.PDF,Feuil1
10,Légende de la carte de l'érosion du nord et du centre de la Tunisie,Direction des ressources en Eau et en Sol,1980.0,10-C,http://www.onagri.tn/uploads/docagri/10-C.PDF,Feuil1
11,Carte de l'érosion du nord et du centre de la Tunisie,Direction des ressources en Eau et en Sol,1980.0,11-C,http://www.onagri.tn/uploads/docagri/11-C.PDF,Feuil1
12,Carte de la zones socio-agro-écologiques,Direction des ressources en Eau et en Sol,2007.0,12-C,http://www.onagri.tn/uploads/docagri/12-C.PDF,Feuil1
13,Carte bioclimatique de la Tunisie,Direction des ressources en Eau et en Sol,2007.0,13-C,http://www.onagri.tn/uploads/docagri/13-C.PDF,Feuil1
14,Carte des ressources en sols de la Tunisie : Feuille Tunis /Esquisse géologique,Direction des ressources en Eau et en Sol,1980.0,14-C,http://www.onagri.tn/uploads/docagri/14-C.PDF,Feuil1
15,Carte des ressources en sols de la Tunisie : Feuille Tunis /Carte des pentes moyenne vallée du kralled,Direction des ressources en Eau et en Sol,1980.0,15-C,http://www.onagri.tn/uploads/docagri/15-C.PDF,Feuil1
16,Carte des ressources en sols de la Tunisie : Feuille Tunis /Carte pédologique,Direction des ressources en Eau et en Sol,1980.0,16-C,http://www.onagri.tn/uploads/docagri/16-C.PDF,Feuil1
17,Carte des ressources en sols de la Tunisie : Feuille Tunis /Carte des pentes,Direction des ressources en Eau et en Sol,1980.0,17-C,http://www.onagri.tn/uploads/docagri/17-C.PDF,Feuil1
18,Carte des ressources en sols de la Tunisie : feuille Tunis,Direction des ressources en Eau et en Sol,1980.0,18-C,http://www.onagri.tn/uploads/docagri/18-C.PDF,Feuil1
19,Carte des ressources en sols de la Tunisie : Feuille de Kairouan : esquisse des régions naturelles,Direction des ressources en Eau et en Sol,1983.0,19-C,http://www.onagri.tn/uploads/docagri/19-C.PDF,Feuil1
20,Carte des ressources en sols de la Tunisie : Feuille de Kairouan : esquisse bioclimatique,Direction des ressources en Eau et en Sol,1983.0,20-C,http://www.onagri.tn/uploads/docagri/20-C.PDF,Feuil1
21,Carte des ressources en sols de la Tunisie : Feuille de Kairouan : régions naturelles et climatologie,Direction des ressources en Eau et en Sol,1983.0,21-C,http://www.onagri.tn/uploads/docagri/21-C.PDF,Feuil1
22,Carte des ressources en sols de la Tunisie : Feuille de Kairouan : esquisse géologique,Direction des ressources en Eau et en Sol,1983.0,22-C,http://www.onagri.tn/uploads/docagri/22-C.PDF,Feuil1
23,Carte des ressources en sols de la Tunisie : Feuille de Kairouan : nappes phréatiques,Direction des ressources en Eau et en Sol,1983.0,23-C,http://www.onagri.tn/uploads/docagri/23-C.PDF,Feuil1
24,Carte des ressources en sols de la Tunisie : Feuille de Kairouan : carte pédologique,Direction des ressources en Eau et en Sol,1983.0,24-C,http://www.onagri.tn/uploads/docagri/24-C.PDF,Feuil1
25,Carte des ressources en sols de la Tunisie : Feuille de Kairouan : carte des pentes,Direction des ressources en Eau et en Sol,1983.0,25-C,http://www.onagri.tn/uploads/docagri/25-C.PDF,Feuil1
26,Carte des ressources en sols de la Tunisie : Feuille de Kairouan : valeur intrinsèque des terres,Direction des ressources en Eau et en Sol,1983.0,26-C,http://www.onagri.tn/uploads/docagri/26-C.PDF,Feuil1
27,Carte des ressources en sols de la Tunisie : feuille Kairouan,Direction des ressources en Eau et en Sol,1983.0,27-C,http://www.onagri.tn/uploads/docagri/27-C.PDF,Feuil1
28,Sols de Tunisie : bulletin de la Division des Sols : les sols de la Tunisie septentrionale : climatologie de la Tunisie septentrionale,Direction des ressources en Eau et en Sol,1973.0,28-C,http://www.onagri.tn/uploads/docagri/28-C.PDF,Feuil1
29,"Sols de Tunisie : bulletin de la Division des Sols : les sols de la Tunisie septentrionale : stratigraphie, structure et lithologie",Direction des ressources en Eau et en Sol,1973.0,29-C,http://www.onagri.tn/uploads/docagri/29-C.PDF,Feuil1
30,Sols de Tunisie : bulletin de la Division des Sols : les sols de la Tunisie septentrionale : carte pédologique de la Tunisie,Direction des ressources en Eau et en Sol,1973.0,30-C,http://www.onagri.tn/uploads/docagri/30-C.PDF,Feuil1
31,Carte des ressources en sols de la Tunisie : Feuille de Tataouine / plan de situation des cartes de ressources en sols du sud,Direction des ressources en Eau et en Sol,1973.0,31-C,http://www.onagri.tn/uploads/docagri/31-C.PDF,Feuil1
32,Carte des ressources en sols de la Tunisie : Feuille de Tataouine /carte des isohyètes interannuelles,Direction des ressources en Eau et en Sol,1985.0,32-C,http://www.onagri.tn/uploads/docagri/32-C.PDF,Feuil1
33,Carte des ressources en sols de la Tunisie : Feuille de Tataouine,Direction des ressources en Eau et en Sol,1985.0,33-C,http://www.onagri.tn/uploads/docagri/33-C.PDF,Feuil1
34,Etude pour l'élaboration d'un plan de gestion et d'aménagement du Parc National de Djebel Zaghouan : carte des aménagements CES,CNEA,,34-C,http://www.onagri.tn/uploads/docagri/34-C.PDF,Feuil1
35,Etude pour l'élaboration d'un plan de gestion et d'aménagement du Parc National de Djebel Zaghouan : carte des étages de la végétation,CNEA,,35-C,http://www.onagri.tn/uploads/docagri/35-C.PDF,Feuil1
36,Etude pour l'élaboration d'un plan de gestion et d'aménagement du Parc National de Djebel Zaghouan : carte des étages des potentialités pastorales,CNEA,,36-C,http://www.onagri.tn/uploads/docagri/36-C.PDF,Feuil1
37,Etude pour l'élaboration d'un plan de gestion et d'aménagement du Parc National de Djebel Zaghouan : carte des sites antiques,CNEA,,37-C,http://www.onagri.tn/uploads/docagri/37-C.PDF,Feuil1
38,Etude pour l'élaboration d'un plan de gestion et d'aménagement du Parc National de Djebel Zaghouan : carte géologique,CNEA,,38-C,http://www.onagri.tn/uploads/docagri/38-C.PDF,Feuil1
39,Etude pour l'élaboration d'un plan de gestion et d'aménagement du Parc National de Djebel Zaghouan : carte pédologique,CNEA,,39-C,http://www.onagri.tn/uploads/docagri/39-C.PDF,Feuil1
40,Etude pour l'élaboration d'un plan de gestion et d'aménagement du Parc National de Djebel Zaghouan : carte du réseau hydrographique,CNEA,,40-C,http://www.onagri.tn/uploads/docagri/40-C.PDF,Feuil1
41,Etude pour l'élaboration d'un plan de gestion et d'aménagement du Parc National de Djebel Zaghouan : carte socio-économique,CNEA,,41-C,http://www.onagri.tn/uploads/docagri/41-C.PDF,Feuil1
42,Etude pour l'élaboration d'un plan de gestion et d'aménagement du Parc National de Djebel Zaghouan : carte du zonage,CNEA,,42-C,http://www.onagri.tn/uploads/docagri/42-C.PDF,Feuil1
43,Etude pour l'élaboration d'un plan de gestion et d'aménagement du Parc National de Djebel Zaghouan : Carte de la faune,CNEA,,43-C,http://www.onagri.tn/uploads/docagri/43-C.PDF,Feuil1
44,Etude pour l'élaboration d'un plan de gestion et d'aménagement du Parc National de Djebel Zaghouan : Carte de localisation,CNEA,,44-C,http://www.onagri.tn/uploads/docagri/44-C.PDF,Feuil1
45,Etude pour l'élaboration d'un plan de gestion et d'aménagement du Parc National de Djebel Zaghouan : Carte de situation,CNEA,,45-C,http://www.onagri.tn/uploads/docagri/45-C.PDF,Feuil1
46,Etude pour l'élaboration d'un plan de gestion et d'aménagement du Parc National de Djebel Zaghouan : Carte écotouristique,CNEA,,46-C,http://www.onagri.tn/uploads/docagri/46-C.PDF,Feuil1
47,Carte des vocations agricoles des sols : Bizerte,"DGACTA, Sté Promet SA",,47-C,http://www.onagri.tn/uploads/docagri/47-C.PDF,Feuil1
48,Carte d'occupation  des sols : Bizerte,"DGACTA, Sté Promet SA",,48-C,http://www.onagri.tn/uploads/docagri/48-C.PDF,Feuil1
49,Carte administrative : Bizerte,"DGACTA, Sté Promet SA",2007.0,49-C,http://www.onagri.tn/uploads/docagri/49-C.PDF,Feuil1
50,Carte d'érosion : Bizerte,"DGACTA, Sté Promet SA",2008.0,50-C,http://www.onagri.tn/uploads/docagri/50-C.PDF,Feuil1
51,Carte du réseau hydrographique : Bizerte,"DGACTA, Sté Promet SA",2007.0,51-C,http://www.onagri.tn/uploads/docagri/51-C.PDF,Feuil1
52,Carte pédologique : Bizerte,"DGACTA, Sté Promet SA",2007.0,52-C,http://www.onagri.tn/uploads/docagri/52-C.PDF,Feuil1
53,Carte géologique : Bizerte,"DGACTA, Sté Promet SA",2007.0,53-C,http://www.onagri.tn/uploads/docagri/53-C.PDF,Feuil1
54,Répartition spatioale des vassins versants prioritaires : Bizerte,,2008.0,54-C,http://www.onagri.tn/uploads/docagri/54-C.PDF,Feuil1
55,Carte de sensibilité à l'érosion,,2008.0,55-C,http://www.onagri.tn/uploads/docagri/55-C.PDF,Feuil1
56,Etude pour l'élaboration d'un plan de gestion et d'aménagement du Parc National de Djebel Zaghouan : carte des ressources en eau,CNEA,,56-C,http://www.onagri.tn/uploads/docagri/56-C.PDF,Feuil1
57,Domaine agricole Ennajeh : carte pédologique : Siliana Gaafour,CNEA,,57-C,http://www.onagri.tn/uploads/docagri/57-C.PDF,Feuil1
58,Périmetre irrigué de Hammam Biagha : carte de localisation : Siliana,CNEA,,58-C,http://www.onagri.tn/uploads/docagri/58-C.PDF,Feuil1
59,Périmetre irrigué de Massouge : carte de localisation : Siliana,CNEA,,59-C,http://www.onagri.tn/uploads/docagri/59-C.PDF,Feuil1
60,Périmetre irrigué de Rohia : carte de localisation : Siliana,CNEA,,60-C,http://www.onagri.tn/uploads/docagri/60-C.PDF,Feuil1
61,Domaine agricole Ennajeh : carte pédologique : Siliana Gaafour,CNEA,,61-C,http://www.onagri.tn/uploads/docagri/61-C.PDF,Feuil1
62,Pépinière Kasserine : carte pédologique,CNEA,,62-C,http://www.onagri.tn/uploads/docagri/62-C.PDF,Feuil1
63,Pépinière Kasserine : carte d'aptitude culturale pour l'arboriculture en irrigué,CNEA,,63-C,http://www.onagri.tn/uploads/docagri/63-C.PDF,Feuil1
64,Carte de localisation de l'SMVDA Mabrouka a Sbeitla / Kasserine,CNEA,,64-C,http://www.onagri.tn/uploads/docagri/64-C.PDF,Feuil1
